"","index","Cuzco","angertreat","anxietytreat","calmtreat","outvote1","outvote2","age","triste","feliz","enojado","asqueado","preocupado","con.miedo","con.placer","orgulloso","desesperado","risk","socioeconentusiasmo","socioeconenojo","socioeconpreocupacion","socioecontranquilidad","socioeconmiedo","socioeconns","corruptentusiasmo","corruptenojo","corruptpreocupacion","corrupttranquilidad","corruptmiedo","corruptns","pocketeconentusiasmo","pocketeconenojo","pocketeconpreocupacion","pocketecontranquilidad","pocketeconmiedo","pocketeconns","crimeentusiasmo","crimeenojo","crimepreocupacion","crimetranquilidad","crimemiedo","crimens","repentusiasmo","repenojo","reppreocupacion","reptranquilidad","repmiedo","repns","corruptfreq","corruptresp","crimefreq","crimeresp","unempfreq","unempresp","povertyfreq","povertyresp","edqual","edresp","govtcapac","govtcapacresp","participrepresent","leftright","diazleftright","hurtadoleftright","partyid","intefficacy","extefficacy","tvnews","newspaper","radionews","edlevel","classid","treatment","outsidervote","simpletreat"
"1",6,0,1,NA,NA,1,NA,36,0,1,0,0,0,0,0,0,0,0,0,0,1,0,0,0,0,1,0,0,0,0,0,0,0,0,1,0,0,0,0,0,1,0,0,0,0,0,0,1,2,2,4,3,3,2,3,1,4,1,2,2,1,6,4,3,9,1,3,1,2,1,8,2,"anger",0,1
"2",90,0,1,NA,NA,1,NA,36,0,1,0,0,0,0,0,0,0,0,0,0,1,0,0,0,0,1,0,0,0,0,0,0,0,0,1,0,0,0,0,0,1,0,0,0,0,0,0,1,2,2,4,3,3,2,3,1,4,1,2,2,1,6,4,3,9,1,3,1,2,1,8,2,"anger",0,1
"3",115,1,1,NA,NA,1,NA,42,0,1,0,0,0,0,0,0,0,0,0,0,1,0,0,0,0,1,0,0,0,0,0,0,1,0,0,0,0,0,1,0,0,0,0,1,0,0,0,0,2,3,4,3,3,3,4,3,4,3,3,2,1,6,6,6,5,3,2,1,2,2,8,2,"anger",0,1
"4",331,1,1,NA,NA,1,NA,42,0,1,0,0,0,0,0,0,0,55,0,0,1,0,0,0,0,1,0,0,0,0,0,0,1,0,0,0,0,0,1,0,0,0,0,1,0,0,0,0,2,3,4,3,3,3,4,3,4,3,3,2,1,6,6,6,5,3,2,1,2,2,8,2,"anger",0,1
"5",419,0,1,NA,NA,1,NA,31,0,0,1,0,0,0,0,0,0,55,0,0,1,0,0,0,0,1,0,0,0,0,0,0,1,0,1,0,0,0,1,0,1,0,0,1,0,0,0,0,2,3,2,3,3,3,3,3,6,3,3,1,1,3,2,4,9,1,2,1,2,2,6,2,"anger",0,1
"6",234,0,1,NA,NA,1,NA,58,0,1,0,0,0,0,0,0,0,57,0,0,1,0,0,0,0,0,1,0,0,0,0,0,0,0,1,0,0,0,0,0,1,0,0,1,0,0,0,0,4,2,2,2,3,2,3,1,6,1,1,2,2,4,4,3,5,1,1,2,1,-99,6,2,"anger",0,1
"7",150,0,1,NA,NA,NA,1,29,0,0,0,0,1,0,0,0,0,57,0,0,1,0,0,0,0,1,0,0,0,0,0,0,0,0,1,0,0,0,0,0,1,0,0,1,0,0,0,0,2,1,3,3,3,3,3,3,2,1,3,3,1,6,2,4,9,1,3,3,2,4,8,3,"anger",0,1
"8",151,0,1,NA,NA,1,NA,25,0,1,0,0,1,0,0,0,0,58,0,0,1,0,0,0,0,1,0,0,0,0,0,0,1,0,0,0,0,0,0,0,1,0,0,1,0,0,0,0,3,4,4,4,3,3,3,3,6,3,3,1,1,4,7,7,9,1,2,1,1,2,7,2,"anger",0,1
"9",369,0,1,NA,NA,1,NA,27,0,0,1,1,0,1,0,0,0,60,0,0,1,0,1,0,0,1,1,0,0,0,0,0,1,0,1,0,0,0,1,0,1,0,0,1,1,0,0,0,3,3,4,1,3,2,3,3,4,3,3,2,1,6,6,6,9,4,3,1,1,2,8,2,"anger",0,1
"10",121,1,1,NA,NA,NA,1,27,0,0,0,0,0,1,0,0,0,60,0,0,1,0,0,0,0,1,1,0,0,0,0,0,1,0,0,0,-99,-99,-99,-99,-99,-99,0,1,1,0,0,0,2,2,4,2,3,2,3,-99,-99,1,3,2,2,6,1,6,7,6,3,2,2,3,8,2,"anger",0,1
"11",297,1,1,NA,NA,NA,1,27,0,0,0,0,0,1,0,0,0,60,0,0,1,0,0,0,0,1,1,0,0,0,0,0,1,0,0,0,-99,-99,-99,-99,-99,-99,0,1,1,0,0,0,2,2,4,2,3,2,3,-99,-99,1,3,2,2,6,1,6,7,6,3,2,2,3,8,2,"anger",0,1
"12",208,1,1,NA,NA,1,NA,34,0,1,0,0,0,0,0,0,0,60,0,0,1,0,0,0,0,1,0,0,0,0,0,0,1,0,0,0,0,1,1,0,1,0,0,1,0,0,0,0,3,2,3,3,3,2,3,3,3,3,4,2,2,6,6,6,9,6,2,1,2,1,8,2,"anger",0,1
"13",387,1,1,NA,NA,1,NA,34,0,1,0,0,0,0,0,0,0,20,0,0,1,0,0,0,0,1,0,0,0,0,0,0,1,0,0,0,0,1,1,0,1,0,0,1,0,0,0,0,3,2,3,3,3,2,3,3,3,3,4,2,2,6,6,6,9,6,2,1,2,1,8,2,"anger",0,1
"14",283,0,1,NA,NA,NA,1,24,1,0,0,0,0,1,0,0,0,20,0,0,1,0,0,0,0,1,0,0,0,0,0,0,0,0,1,0,0,0,0,0,1,0,0,1,0,0,0,0,2,2,3,1,2,2,2,2,6,3,3,3,1,4,3,2,9,1,3,1,1,1,8,2,"anger",0,1
"15",1,0,1,NA,NA,NA,1,22,0,1,0,0,0,0,0,0,0,60,0,0,1,0,0,0,0,1,0,0,0,0,0,0,1,0,0,0,0,0,0,0,1,0,0,1,0,0,0,0,3,2,3,3,3,2,3,2,4,3,3,1,1,3,3,2,1,1,3,1,3,4,7,2,"anger",0,1
"16",74,1,1,NA,NA,NA,1,24,0,0,1,0,0,0,0,0,0,61,0,0,0,0,1,0,0,0,1,0,0,0,0,0,1,0,0,0,0,0,0,0,1,0,0,0,1,0,0,0,3,2,4,3,3,3,3,3,4,3,2,2,2,6,4,2,8,1,3,1,3,1,8,2,"anger",0,1
"17",122,1,1,NA,NA,1,NA,33,1,0,0,0,0,0,0,0,0,61,0,0,1,0,0,0,0,1,0,0,0,0,0,0,1,0,0,0,0,0,0,0,1,0,0,1,0,0,0,0,1,3,4,3,3,3,3,3,3,3,3,1,2,6,7,7,9,1,3,1,2,2,8,2,"anger",0,1
"18",213,0,1,NA,NA,NA,1,22,0,1,0,0,0,0,0,0,0,66,0,0,1,0,0,0,0,1,0,0,0,0,0,0,1,0,0,0,0,0,0,0,1,0,0,1,0,0,0,0,3,2,3,3,3,2,3,2,4,3,3,1,1,3,3,2,1,1,3,1,3,4,7,2,"anger",0,1
"19",81,0,1,NA,NA,NA,1,22,0,1,0,0,1,0,0,0,0,66,0,1,1,0,1,0,0,0,1,0,1,0,0,1,1,0,0,0,0,0,1,0,1,0,0,1,1,0,0,0,1,2,4,3,3,1,3,3,4,3,3,1,3,6,5,1,9,4,4,2,2,4,5,2,"anger",0,1
"20",294,0,1,NA,NA,1,NA,26,0,1,0,0,0,0,0,0,0,50,0,0,0,1,0,0,0,0,1,0,0,0,0,1,0,0,0,0,0,1,0,0,0,0,0,0,0,1,0,0,2,2,5,4,2,3,2,3,4,-99,1,2,2,4,4,4,3,3,4,2,4,4,5,2,"anger",0,1
"21",389,0,1,NA,NA,1,NA,26,0,1,0,0,0,0,0,0,0,30,0,0,0,1,0,0,0,0,1,0,0,0,0,1,0,0,0,0,0,1,0,0,0,0,0,0,0,1,0,0,2,2,5,4,2,3,2,3,4,-99,1,2,2,4,4,4,3,3,4,2,4,4,7,2,"anger",0,1
"22",232,0,1,NA,NA,NA,1,24,0,0,0,0,1,0,0,0,0,50,0,0,1,0,0,0,0,1,0,0,0,0,0,1,0,0,0,0,0,0,0,0,1,0,0,1,0,0,0,0,3,-99,-99,-99,-99,-99,-99,-99,-99,-99,-99,-99,2,3,2,6,1,1,2,1,2,2,8,2,"anger",0,1
"23",175,0,1,NA,NA,NA,1,60,1,0,0,0,0,0,0,0,0,50,0,1,0,0,0,0,0,1,0,0,0,0,0,0,1,0,0,0,0,0,0,0,1,0,0,1,0,0,0,0,1,2,3,3,3,3,3,3,6,3,3,2,2,3,2,3,1,3,5,1,2,2,8,2,"anger",0,1
"24",303,0,1,NA,NA,NA,1,60,1,0,0,0,0,0,0,0,0,50,0,1,0,0,0,0,0,1,0,0,0,0,0,0,1,0,0,0,0,0,0,0,1,0,0,1,0,0,0,0,1,2,3,3,3,3,3,3,6,3,3,2,2,3,2,3,1,3,5,1,2,2,8,2,"anger",0,1
"25",43,0,1,NA,NA,NA,1,55,0,1,0,0,0,0,0,0,0,50,0,0,1,0,1,0,0,1,1,0,0,0,0,0,1,0,1,0,0,0,1,0,1,0,0,1,1,0,0,0,4,2,3,3,2,2,3,1,4,3,4,2,1,6,6,6,7,1,3,1,1,1,8,3,"anger",0,1
"26",273,1,1,NA,NA,1,NA,30,1,0,0,0,0,1,0,0,0,50,0,0,1,0,1,0,0,1,1,0,0,0,0,0,1,0,1,0,0,0,0,0,1,0,0,1,0,0,0,0,3,2,4,3,3,3,4,3,4,3,2,1,2,1,3,2,8,1,2,2,2,1,8,2,"anger",0,1
"27",279,1,1,NA,NA,1,NA,30,1,0,0,0,0,1,0,0,0,50,0,0,1,0,1,0,0,1,1,0,0,0,0,0,1,0,1,0,0,0,0,0,1,0,0,1,0,0,0,0,3,2,4,3,3,3,4,3,4,3,2,1,2,1,3,2,8,1,2,2,2,1,8,2,"anger",0,1
"28",347,0,1,NA,NA,NA,1,47,0,1,0,0,0,0,1,0,0,50,0,0,0,0,1,0,0,1,0,0,0,0,0,0,0,0,1,0,0,0,1,0,0,0,0,1,0,0,0,0,3,3,2,3,3,2,3,3,4,3,3,1,1,3,3,3,9,4,2,3,2,4,5,2,"anger",0,1
"29",353,0,1,NA,NA,1,NA,27,1,0,0,1,1,1,0,0,0,50,0,1,1,0,1,0,0,1,0,0,0,0,0,0,1,0,1,0,0,1,1,0,1,0,0,1,0,0,0,0,3,1,3,3,3,3,3,3,4,3,3,2,2,3,5,2,7,1,3,1,1,1,8,2,"anger",0,1
"30",2,0,1,NA,NA,1,NA,23,0,0,0,0,0,1,0,0,0,50,0,0,1,0,0,0,0,1,0,0,0,0,0,0,1,0,0,0,0,0,0,0,1,0,0,1,0,0,0,0,3,2,4,1,2,3,3,2,3,3,3,1,1,4,5,3,9,2,2,2,1,4,8,3,"anger",0,1
"31",131,0,1,NA,NA,1,NA,23,0,0,0,0,0,1,0,0,0,40,0,0,1,0,0,0,0,1,0,0,0,0,0,0,1,0,0,0,0,0,0,0,1,0,0,1,0,0,0,0,3,2,4,1,2,3,3,2,3,3,3,1,1,4,5,3,9,2,2,2,1,4,8,3,"anger",0,1
"32",130,0,1,NA,NA,NA,1,25,1,0,0,1,0,0,0,0,0,41,0,0,1,0,0,0,0,0,0,0,0,1,0,0,1,0,0,0,0,0,0,0,1,0,0,1,0,0,0,0,5,4,4,3,5,4,2,3,3,3,5,2,3,5,4,2,7,4,4,4,4,4,7,3,"anger",0,1
"33",426,0,1,NA,NA,1,NA,24,1,0,0,0,0,0,0,0,0,46,0,0,1,0,1,0,0,1,0,0,0,0,0,0,1,0,1,0,0,0,1,0,1,0,0,1,0,0,0,0,3,2,2,3,2,2,3,2,4,3,3,2,1,5,4,3,7,1,2,1,1,1,8,2,"anger",0,1
"34",85,0,1,NA,NA,NA,1,27,0,0,1,0,1,1,0,0,0,47,0,0,0,0,1,0,0,0,1,0,0,0,-99,-99,-99,-99,-99,-99,0,0,1,0,0,0,0,1,0,0,0,0,3,2,4,2,3,3,3,3,4,3,3,2,1,3,4,2,8,1,1,1,1,1,8,2,"anger",0,1
"35",187,0,1,NA,NA,NA,1,48,0,1,0,0,0,0,1,0,0,47,0,0,1,0,0,0,0,1,0,0,0,0,0,0,0,0,1,0,0,0,0,0,1,0,0,1,0,0,0,0,3,3,4,1,3,2,3,3,6,3,3,3,1,6,2,3,9,2,3,1,1,4,7,3,"anger",0,1
"36",362,0,1,NA,NA,NA,1,54,0,0,0,0,1,0,0,0,0,47,0,0,1,0,0,0,0,1,0,0,0,0,0,0,1,0,0,0,0,0,0,0,1,0,0,1,0,0,0,0,2,2,2,3,3,3,4,3,6,3,3,2,1,4,7,7,7,4,2,1,5,2,5,2,"anger",0,1
"37",5,0,1,NA,NA,NA,1,27,0,0,1,0,1,1,0,0,0,50,0,0,0,0,1,0,0,0,1,0,0,0,-99,-99,-99,-99,-99,-99,0,0,1,0,0,0,0,1,0,0,0,0,3,2,4,2,3,3,3,3,4,3,3,2,1,3,4,2,8,1,1,1,1,1,8,2,"anger",0,1
"38",157,1,1,NA,NA,NA,1,26,0,0,0,0,1,0,0,0,0,50,0,0,1,0,0,0,0,1,0,0,0,0,0,0,1,0,0,0,0,0,1,0,0,0,0,1,0,0,0,0,1,2,3,2,3,1,4,2,4,1,2,2,2,7,1,5,8,1,3,1,3,2,7,2,"anger",0,1
"39",209,1,1,NA,NA,1,NA,27,1,0,0,0,1,0,0,0,0,50,0,0,1,0,0,0,0,1,0,0,0,0,0,0,1,0,0,0,0,0,0,0,1,0,0,1,0,0,0,0,3,2,4,3,3,3,3,3,4,3,2,4,2,6,6,6,8,3,2,2,4,2,8,2,"anger",0,1
"40",259,0,1,NA,NA,NA,1,48,0,0,1,1,0,0,0,0,0,50,0,1,0,0,0,0,0,1,1,0,0,0,0,0,1,0,1,0,0,0,0,0,1,0,0,1,0,0,0,0,3,2,3,3,3,3,3,3,4,3,2,2,1,4,1,2,7,1,3,1,2,3,8,3,"anger",0,1
"41",261,0,1,NA,NA,1,NA,41,0,0,0,0,1,0,0,0,0,50,0,0,1,0,0,0,0,1,0,0,0,0,0,0,0,0,1,0,0,0,0,0,1,0,0,1,0,0,0,0,4,3,4,3,2,2,2,2,3,1,3,2,2,6,6,4,9,1,2,1,1,2,6,1,"anger",0,1
"42",176,1,1,NA,NA,NA,1,39,0,0,1,0,1,1,0,0,1,52,0,1,1,0,1,0,0,1,1,0,1,0,0,1,1,0,1,0,0,1,1,0,1,0,0,1,1,0,0,0,1,2,3,3,4,3,3,2,6,1,2,2,2,7,7,7,9,3,3,2,4,4,7,2,"anger",0,1
"43",7,0,1,NA,NA,NA,1,43,0,1,0,0,0,0,0,0,0,53,0,0,1,0,0,0,0,1,0,0,0,0,0,0,1,0,0,0,0,0,0,0,1,0,0,1,0,0,0,0,3,3,3,3,3,2,3,3,6,3,2,3,1,3,4,3,9,1,2,2,1,1,8,2,"anger",0,1
"44",239,0,1,NA,NA,1,NA,23,0,0,0,1,0,0,0,0,0,55,0,1,1,0,0,0,0,1,0,0,0,0,0,0,1,0,1,0,0,0,1,0,1,0,0,1,0,0,0,0,3,2,2,1,3,2,3,3,6,3,3,2,1,4,3,3,9,2,3,1,1,2,7,2,"anger",0,1
"45",434,0,1,NA,NA,1,NA,23,0,0,0,1,0,0,0,0,0,55,0,1,1,0,0,0,0,1,0,0,0,0,0,0,1,0,1,0,0,0,1,0,1,0,0,1,0,0,0,0,3,2,2,1,3,2,3,3,6,3,3,2,1,4,3,3,9,2,3,1,1,2,7,2,"anger",0,1
"46",167,1,1,NA,NA,NA,1,70,0,1,0,0,0,0,0,0,0,60,0,0,1,0,0,0,0,1,1,0,0,0,0,0,1,0,1,0,0,0,1,0,1,0,0,1,0,0,0,0,1,3,4,3,3,3,4,3,3,3,3,1,2,6,6,1,6,3,4,1,2,1,2,2,"anger",0,1
"47",212,1,1,NA,NA,1,NA,26,0,1,0,0,1,0,0,1,0,60,0,0,1,0,1,0,0,1,1,0,0,0,0,0,1,0,0,0,0,0,0,0,1,0,0,1,1,0,0,0,2,2,4,3,4,3,3,3,4,3,3,2,2,3,3,5,5,2,2,1,2,3,8,1,"anger",0,1
"48",385,1,1,NA,NA,1,NA,26,0,1,0,0,1,0,0,1,0,60,0,0,1,0,1,0,0,1,1,0,0,0,0,0,1,0,0,0,0,0,0,0,1,0,0,1,1,0,0,0,2,2,4,3,4,3,3,3,4,3,3,2,2,3,3,5,5,2,2,1,2,3,8,1,"anger",0,1
"49",127,0,1,NA,NA,NA,1,29,0,0,0,0,1,0,0,0,1,61,0,1,1,0,0,0,0,1,0,0,0,0,0,0,1,0,0,0,0,0,1,0,1,0,0,1,0,0,0,0,4,2,4,3,2,3,3,1,2,3,3,2,2,6,6,6,9,2,2,1,1,1,6,2,"anger",0,1
"50",413,1,1,NA,NA,1,NA,27,1,0,0,0,1,0,0,0,0,70,0,0,1,0,0,0,0,1,0,0,0,0,0,0,1,0,0,0,0,0,0,0,1,0,0,1,0,0,0,0,3,2,4,3,3,3,3,3,4,3,2,4,2,6,6,6,8,3,2,2,4,2,6,2,"anger",0,1
"51",66,1,1,NA,NA,NA,1,24,0,0,1,0,0,0,0,0,0,90,0,0,0,0,1,0,0,0,1,0,0,0,0,0,1,0,0,0,0,0,0,0,1,0,0,0,1,0,0,0,3,2,4,3,3,3,3,3,4,3,2,2,2,6,4,2,8,1,3,1,3,1,8,2,"anger",0,1
"52",38,1,1,NA,NA,NA,1,28,0,0,0,0,1,0,0,0,0,100,0,0,1,0,0,0,0,1,0,0,0,0,0,0,1,0,0,0,0,0,0,0,1,0,0,1,0,0,0,0,2,2,3,3,3,3,3,3,4,3,3,3,2,6,6,6,3,2,2,1,1,2,8,2,"anger",0,1
"53",415,1,1,NA,NA,NA,1,28,0,0,0,0,1,0,0,0,0,100,0,0,1,0,0,0,0,1,0,0,0,0,0,0,1,0,0,0,0,0,0,0,1,0,0,1,0,0,0,0,2,2,3,3,3,3,3,3,4,3,3,3,2,6,6,6,3,2,2,1,1,2,8,2,"anger",0,1
"54",116,1,1,NA,NA,NA,1,28,0,0,0,1,0,0,0,0,0,NA,0,0,1,0,0,0,0,1,1,0,0,0,0,0,1,0,0,0,0,0,1,0,1,0,0,1,0,0,0,1,1,2,3,2,3,1,3,1,6,3,2,2,1,6,2,3,9,3,3,4,4,3,8,4,"anger",0,1
"55",133,1,1,NA,NA,NA,1,28,0,0,0,1,0,0,0,0,0,NA,0,0,1,0,0,0,0,1,1,0,0,0,0,0,1,0,0,0,0,0,1,0,1,0,0,1,0,0,0,1,1,2,3,2,3,1,3,1,6,3,2,2,1,6,2,3,9,3,3,4,4,3,8,1,"anger",0,1
"56",185,0,1,NA,NA,NA,1,23,0,1,0,0,0,0,0,0,0,NA,0,0,1,0,0,0,0,1,0,0,0,0,0,0,1,0,0,0,0,0,1,0,0,0,0,1,0,0,0,0,3,2,2,3,3,2,3,3,4,3,4,2,1,4,3,3,9,1,2,2,3,4,7,3,"anger",0,1
"57",206,0,1,NA,NA,NA,1,23,0,1,0,0,0,0,0,0,0,NA,0,0,1,0,0,0,0,1,0,0,0,0,0,0,1,0,0,0,0,0,1,0,0,0,0,1,0,0,0,0,3,2,2,3,3,2,3,3,4,3,4,2,1,4,3,3,9,1,2,2,3,4,7,3,"anger",0,1
"58",409,1,1,NA,NA,1,NA,29,0,0,1,0,0,0,0,0,0,NA,0,0,1,0,0,0,0,0,1,0,0,0,0,0,1,0,0,0,0,0,1,0,0,0,0,0,1,0,0,0,1,3,4,3,3,3,3,3,6,3,2,2,2,2,6,6,2,1,4,1,2,1,5,1,"anger",0,1
"59",447,0,1,NA,NA,1,NA,26,0,1,0,0,1,0,0,1,0,NA,0,1,1,0,1,0,0,1,1,0,0,0,0,1,1,0,1,0,0,0,1,0,1,0,0,1,1,0,0,0,2,2,4,3,3,3,3,3,6,3,3,2,1,2,2,3,9,4,3,2,2,2,6,2,"anger",0,1
"60",28,1,1,NA,NA,2,NA,40,0,1,0,0,0,0,0,0,0,0,0,1,1,0,0,0,0,1,1,0,0,0,0,1,1,0,0,0,0,0,1,0,1,0,0,1,0,0,0,0,2,3,4,3,3,3,3,3,3,3,4,3,1,6,1,5,4,3,2,1,2,2,8,2,"anger",1,1
"61",30,1,1,NA,NA,NA,2,42,0,1,0,0,0,0,0,0,0,0,0,1,1,0,0,0,0,1,1,0,0,0,0,1,1,0,0,0,0,0,1,0,1,0,0,1,0,0,0,0,2,3,4,3,3,3,3,3,3,3,4,3,1,6,2,5,5,3,2,2,2,2,8,2,"anger",1,1
"62",55,1,1,NA,NA,2,NA,40,0,1,0,0,0,0,0,0,0,0,0,1,1,0,0,0,0,1,1,0,0,0,0,1,1,0,0,0,0,0,1,0,1,0,0,1,0,0,0,0,2,3,4,3,3,3,3,3,3,3,4,3,1,6,1,5,4,3,2,1,2,2,8,1,"anger",1,1
"63",193,0,1,NA,NA,2,NA,56,0,0,1,1,1,0,0,0,0,0,0,1,1,0,0,0,0,1,1,0,0,0,0,0,1,0,0,0,0,0,1,0,1,0,0,1,1,0,0,0,2,2,4,3,4,3,3,3,6,3,2,2,2,1,4,2,9,1,1,1,4,4,7,2,"anger",1,1
"64",348,1,1,NA,NA,NA,2,42,0,1,0,0,0,0,0,0,0,0,0,1,1,0,0,0,0,1,1,0,0,0,0,1,1,0,0,0,0,0,1,0,1,0,0,1,0,0,0,0,2,3,4,3,3,3,3,3,3,3,4,3,1,6,2,5,5,3,2,2,2,2,8,2,"anger",1,1
"65",52,1,1,NA,NA,NA,2,39,0,1,0,0,0,0,0,0,0,9,0,0,1,0,1,0,0,1,1,0,0,0,0,1,1,0,0,0,0,0,1,0,1,0,0,1,0,0,0,0,2,3,3,4,3,2,3,4,4,3,2,4,1,6,6,4,5,3,4,2,2,2,8,2,"anger",1,1
"66",360,0,1,NA,NA,2,NA,23,0,0,0,0,0,0,0,1,0,14,0,0,1,0,0,0,0,0,0,0,0,1,0,0,1,0,0,0,0,0,1,0,0,0,0,1,0,0,0,0,3,1,2,3,2,3,3,3,6,3,3,1,1,6,3,5,9,1,4,1,1,2,8,2,"anger",1,1
"67",366,0,1,NA,NA,2,NA,23,0,0,0,0,0,0,0,1,0,14,0,0,1,0,0,0,0,0,0,0,0,1,0,0,1,0,0,0,0,0,1,0,0,0,0,1,0,0,0,0,3,1,2,3,2,3,3,3,6,3,3,1,1,6,3,5,9,1,4,1,1,2,8,2,"anger",1,1
"68",438,0,1,NA,NA,NA,2,23,0,0,0,0,0,1,0,0,0,18,0,0,1,0,0,0,0,0,1,0,0,0,0,0,1,0,0,0,0,0,0,0,1,0,0,0,1,0,0,0,2,2,3,3,3,3,3,3,3,3,3,3,1,3,2,4,5,3,3,1,1,4,7,2,"anger",1,1
"69",425,1,1,NA,NA,2,NA,39,0,1,0,0,0,0,0,0,0,19,0,1,0,0,0,0,0,1,0,0,0,0,0,0,1,0,0,0,0,0,0,0,1,0,-99,-99,-99,-99,-99,-99,3,2,4,3,3,2,3,3,4,3,2,2,1,2,-99,-99,8,1,4,2,2,2,7,2,"anger",1,1
"70",71,0,1,NA,NA,2,NA,22,0,1,0,0,0,0,0,0,0,21,0,0,1,0,0,0,0,1,0,0,0,0,0,0,1,0,1,0,0,0,1,0,0,0,0,1,0,0,0,0,2,2,3,3,3,3,3,3,3,3,3,1,1,7,1,3,9,1,2,1,1,1,7,2,"anger",1,1
"71",359,0,1,NA,NA,2,NA,22,0,1,0,0,0,0,0,0,0,21,0,0,1,0,0,0,0,1,0,0,0,0,0,0,1,0,1,0,0,0,1,0,0,0,0,1,0,0,0,0,2,2,3,3,3,3,3,3,3,3,3,1,1,7,1,3,9,1,2,1,1,1,7,2,"anger",1,1
"72",40,0,1,NA,NA,2,NA,25,0,0,0,0,1,0,0,0,1,25,0,1,1,0,0,0,0,1,0,0,0,0,0,0,1,0,0,0,0,0,1,0,0,0,0,0,0,0,0,1,3,4,3,4,2,4,3,4,4,3,2,4,2,2,3,3,8,2,2,2,2,1,7,2,"anger",1,1
"73",270,0,1,NA,NA,2,NA,25,0,1,0,0,1,0,0,0,0,25,0,1,1,0,1,0,0,1,1,0,0,0,0,0,1,0,0,0,0,0,0,0,1,0,0,1,0,0,0,0,2,4,2,2,3,3,3,3,4,1,3,2,1,6,2,4,9,2,2,2,2,1,5,2,"anger",1,1
"74",375,0,1,NA,NA,2,NA,25,0,0,0,0,1,0,0,0,1,25,0,1,1,0,0,0,0,1,0,0,0,0,0,0,1,0,0,0,0,0,1,0,0,0,0,0,0,0,0,1,3,4,3,4,2,4,3,4,4,3,2,4,2,2,3,3,8,2,2,2,2,1,7,2,"anger",1,1
"75",398,0,1,NA,NA,2,NA,25,0,1,0,0,1,0,0,0,0,25,0,1,1,0,1,0,0,1,1,0,0,0,0,0,1,0,0,0,0,0,0,0,1,0,0,1,0,0,0,0,2,4,2,2,3,3,3,3,4,1,3,2,1,6,2,4,9,2,2,2,2,1,7,2,"anger",1,1
"76",158,0,1,NA,NA,NA,2,24,0,0,0,1,0,1,0,0,1,29,0,0,1,0,1,0,0,1,0,0,0,0,0,0,0,0,1,0,0,0,1,0,1,0,0,1,0,0,0,0,2,2,3,1,3,3,4,3,4,2,3,1,1,3,4,2,9,4,2,2,2,2,7,2,"anger",1,1
"77",32,0,1,NA,NA,NA,2,23,0,1,0,0,0,0,0,0,0,31,0,0,1,0,1,0,0,0,0,0,0,1,0,0,1,0,1,0,0,0,0,0,1,0,0,1,0,0,0,0,3,4,3,1,3,3,3,3,4,3,4,1,1,7,7,4,9,4,3,3,3,4,7,2,"anger",1,1
"78",152,0,1,NA,NA,NA,2,23,0,1,0,0,0,0,0,0,0,31,0,0,1,0,1,0,0,0,0,0,0,1,0,0,1,0,1,0,0,0,0,0,1,0,0,1,0,0,0,0,3,4,3,1,3,3,3,3,4,3,4,1,1,7,7,4,9,4,3,3,3,4,7,2,"anger",1,1
"79",33,0,1,NA,NA,2,NA,25,1,0,1,0,1,0,0,0,0,37,0,0,1,0,1,0,0,1,0,0,0,0,0,1,1,0,1,0,0,1,1,0,0,0,0,1,0,0,0,0,2,2,4,3,3,2,3,3,3,3,3,2,1,6,2,3,9,2,2,2,1,1,7,2,"anger",1,1
"80",405,0,1,NA,NA,2,NA,25,1,0,1,0,1,0,0,0,0,37,0,0,1,0,1,0,0,1,0,0,0,0,0,1,1,0,1,0,0,1,1,0,0,0,0,1,0,0,0,0,2,2,4,3,3,2,3,3,3,3,3,2,1,6,2,3,9,2,2,2,1,1,7,2,"anger",1,1
"81",10,1,1,NA,NA,NA,2,23,1,0,0,0,0,1,0,0,0,39,0,0,1,0,0,0,0,0,0,0,0,1,0,0,1,0,0,0,0,0,0,0,1,0,0,1,0,0,0,0,1,2,2,1,3,3,4,3,3,3,4,4,2,6,2,4,9,1,4,1,1,2,7,1,"anger",1,1
"82",126,1,1,NA,NA,2,NA,23,0,1,0,0,0,0,0,0,0,39,0,1,0,0,0,0,0,0,0,1,0,0,0,1,0,0,0,0,0,1,0,0,0,0,0,0,1,0,0,0,1,3,3,3,3,3,3,3,6,3,2,3,1,5,1,4,2,1,2,3,3,3,5,1,"anger",1,1
"83",190,1,1,NA,NA,NA,2,61,1,0,0,0,0,1,0,0,0,39,0,0,1,0,0,0,0,0,0,0,0,1,0,0,1,0,0,0,0,0,0,0,1,0,0,1,0,0,0,0,1,2,2,1,3,3,4,3,3,3,4,4,2,6,2,4,9,1,4,1,1,2,7,1,"anger",1,1
"84",231,1,1,NA,NA,2,NA,23,0,1,0,0,0,0,0,0,0,39,0,1,0,0,0,0,0,0,0,1,0,0,0,1,0,0,0,0,0,1,0,0,0,0,0,0,1,0,0,0,1,3,3,3,3,3,3,3,6,3,2,3,1,5,1,4,2,1,2,3,3,3,5,1,"anger",1,1
"85",302,0,1,NA,NA,NA,2,81,0,0,0,0,0,1,0,0,0,39,0,0,1,0,0,0,0,1,1,0,0,0,0,1,0,0,1,0,0,0,0,0,1,0,0,1,0,0,0,0,1,3,2,3,3,3,3,3,3,3,3,2,1,4,5,3,9,4,3,4,4,1,4,2,"anger",1,1
"86",378,0,1,NA,NA,NA,2,24,0,1,0,0,0,0,1,0,0,39,0,0,1,0,1,0,0,1,0,0,0,0,0,0,1,0,0,0,0,1,1,0,0,0,0,1,0,0,1,0,2,2,3,3,3,2,3,3,4,3,2,2,1,2,4,4,9,1,1,2,1,2,8,2,"anger",1,1
"87",26,0,1,NA,NA,NA,2,23,0,1,0,0,0,0,1,1,0,40,0,0,1,0,1,0,0,1,1,0,0,0,0,1,1,0,0,0,0,0,1,0,1,0,0,1,1,0,0,0,2,3,4,3,3,3,3,3,4,3,3,1,1,6,6,6,9,1,2,2,1,4,7,2,"anger",1,1
"88",63,0,1,NA,NA,NA,2,25,0,1,0,0,1,0,0,0,0,40,0,0,1,0,1,0,0,1,1,0,0,0,0,1,1,0,1,0,0,0,1,0,1,0,0,1,0,0,0,0,2,2,3,3,3,3,3,3,4,3,3,2,1,4,7,7,9,2,3,1,1,2,4,2,"anger",1,1
"89",64,0,1,NA,NA,NA,2,23,0,1,0,0,0,0,1,1,0,40,0,0,1,0,1,0,0,1,1,0,0,0,0,1,1,0,0,0,0,0,1,0,1,0,0,1,1,0,0,0,2,3,4,3,3,3,3,3,4,3,3,1,1,6,6,6,9,1,2,2,1,4,7,2,"anger",1,1
"90",172,0,1,NA,NA,NA,2,24,0,0,0,0,1,1,0,0,0,40,0,1,1,0,0,0,0,1,0,0,0,0,0,0,1,0,0,0,0,0,0,0,1,0,0,1,0,0,0,0,1,2,4,3,3,3,3,3,3,3,3,2,1,7,4,7,9,4,4,2,2,4,8,2,"anger",1,1
"91",183,0,1,NA,NA,NA,2,27,0,1,0,0,0,0,0,0,0,40,0,0,1,0,0,0,0,1,0,0,0,0,0,0,1,0,0,0,0,0,0,0,1,0,0,1,0,0,0,0,2,2,3,3,2,2,2,3,4,1,4,3,1,3,6,5,3,4,2,1,1,1,8,2,"anger",1,1
"92",226,1,1,NA,NA,NA,2,45,0,0,0,0,1,0,0,0,0,40,0,0,0,0,1,0,0,0,1,0,0,0,0,0,1,0,0,0,0,0,0,0,1,0,0,0,0,0,1,0,2,1,3,1,4,3,3,3,4,3,2,2,1,2,4,3,7,2,4,1,4,1,7,2,"anger",1,1
"93",281,0,1,NA,NA,NA,2,25,0,1,0,0,1,0,0,0,0,40,0,0,1,0,1,0,0,1,1,0,0,0,0,1,1,0,1,0,0,0,1,0,1,0,0,1,0,0,0,0,2,2,3,3,3,3,3,3,4,3,3,2,1,4,7,7,9,2,3,1,1,2,4,2,"anger",1,1
"94",319,0,1,NA,NA,NA,2,31,0,1,0,0,0,0,0,0,0,40,0,0,1,0,0,0,0,1,0,0,0,0,0,0,1,0,0,0,0,0,0,0,1,0,0,1,0,0,0,0,3,2,4,3,3,3,3,3,4,3,3,2,1,6,6,4,9,3,4,1,1,1,4,2,"anger",1,1
"95",371,0,1,NA,NA,NA,2,24,0,0,0,0,1,1,0,0,0,40,0,1,1,0,0,0,0,1,0,0,0,0,0,0,1,0,0,0,0,0,0,0,1,0,0,1,0,0,0,0,1,2,4,3,3,3,3,3,3,3,3,2,1,7,4,7,9,4,4,2,2,4,8,2,"anger",1,1
"96",381,1,1,NA,NA,2,NA,23,0,1,0,0,0,0,0,0,0,40,0,0,1,0,0,0,0,1,0,0,0,0,0,0,0,0,1,0,0,0,0,0,1,0,0,1,0,0,0,0,2,3,4,3,3,3,3,3,4,3,3,2,1,5,4,2,8,1,1,1,1,2,7,2,"anger",1,1
"97",444,0,1,NA,NA,2,NA,22,0,1,0,0,0,0,0,0,0,40,0,0,1,0,0,0,0,1,0,0,0,0,0,0,1,0,1,0,0,0,1,0,1,0,0,1,0,0,0,0,2,3,4,3,2,2,3,3,3,2,4,2,1,3,7,7,7,2,2,3,3,3,5,2,"anger",1,1
"98",258,0,1,NA,NA,NA,2,25,0,0,1,0,1,0,0,0,0,41,0,0,1,0,0,0,0,1,0,0,0,0,0,0,1,0,1,0,0,0,0,0,1,0,0,1,0,0,0,0,3,2,2,2,2,2,1,2,3,3,3,1,1,3,5,3,1,1,3,1,1,2,8,3,"anger",1,1
"99",254,0,1,NA,NA,2,NA,24,0,0,0,0,0,0,0,1,0,43,0,0,1,0,0,0,0,1,0,0,0,0,0,0,0,0,1,0,0,0,0,0,1,0,0,1,0,0,0,0,3,2,2,3,2,2,2,2,4,3,3,2,1,4,4,3,4,1,3,1,1,1,6,3,"anger",1,1
"100",364,0,1,NA,NA,2,NA,24,0,0,0,0,0,0,0,1,0,43,0,0,1,0,0,0,0,1,0,0,0,0,0,0,0,0,1,0,0,0,0,0,1,0,0,1,0,0,0,0,3,2,2,3,2,2,2,2,4,3,3,2,1,4,4,3,4,1,3,1,1,1,8,3,"anger",1,1
"101",245,1,1,NA,NA,NA,2,NA,0,0,1,0,0,0,0,0,0,44,0,1,0,0,0,0,0,1,0,0,0,0,0,0,1,0,0,0,0,0,1,0,0,0,0,1,0,0,0,0,5,2,4,3,3,2,3,3,4,3,3,2,2,6,2,4,1,1,2,2,1,2,5,2,"anger",1,1
"102",119,1,1,NA,NA,NA,2,25,0,0,0,0,1,0,0,0,0,45,1,0,0,0,0,0,0,0,1,0,0,0,0,0,1,0,0,0,0,0,1,0,0,0,0,0,1,0,0,0,2,1,4,3,3,3,3,3,3,3,2,3,1,6,6,3,9,4,1,2,1,1,6,2,"anger",1,1
"103",422,1,1,NA,NA,NA,2,25,0,0,0,0,1,0,0,0,0,45,1,0,0,0,0,0,0,0,1,0,0,0,0,0,1,0,0,0,0,0,1,0,0,0,0,0,1,0,0,0,2,1,4,3,3,3,3,3,3,3,2,3,1,6,6,3,9,4,1,2,1,1,6,2,"anger",1,1
"104",15,0,1,NA,NA,NA,2,23,0,0,0,0,0,0,1,0,0,47,0,0,1,0,0,0,0,1,0,0,0,0,0,0,1,0,0,0,0,0,0,0,1,0,0,0,1,0,0,0,2,2,3,1,2,1,3,3,4,3,3,2,1,4,4,2,9,3,3,1,1,2,7,2,"anger",1,1
"105",20,0,1,NA,NA,NA,2,25,1,0,1,0,0,1,0,0,0,49,0,0,1,0,0,0,0,1,0,0,0,0,0,0,1,0,0,0,0,0,0,0,1,0,0,1,0,0,0,0,3,2,4,3,2,3,3,2,3,3,3,2,2,2,3,2,9,4,2,1,2,4,7,2,"anger",1,1
"106",268,1,1,NA,NA,NA,2,33,0,0,0,0,1,0,0,0,0,49,0,1,1,0,0,0,0,0,1,0,0,0,0,1,1,0,0,0,0,0,1,0,1,0,0,1,1,0,0,0,2,2,4,3,3,3,3,3,4,3,2,2,2,6,6,6,5,3,1,1,1,1,5,2,"anger",1,1
"107",309,1,1,NA,NA,NA,2,33,0,0,0,0,1,0,0,0,0,49,0,1,1,0,0,0,0,0,1,0,0,0,0,1,1,0,0,0,0,0,1,0,1,0,0,1,1,0,0,0,2,2,4,3,3,3,3,3,4,3,2,2,2,6,6,6,5,3,1,1,1,1,5,2,"anger",1,1
"108",11,1,1,NA,NA,2,NA,22,0,0,0,0,1,0,0,0,0,0,0,0,1,0,0,0,0,0,0,0,0,1,-99,-99,-99,-99,-99,-99,0,0,1,0,0,0,0,1,0,0,0,0,1,3,4,1,5,3,1,-99,-99,3,6,3,3,5,5,7,3,4,1,1,2,2,8,2,"anger",1,1
"109",29,1,1,NA,NA,NA,2,28,0,0,0,0,1,0,0,0,0,4,0,0,1,0,0,0,0,0,0,0,0,1,0,0,1,0,0,0,0,0,0,0,1,0,0,0,1,0,0,0,2,2,3,2,3,2,3,3,3,2,2,2,2,1,1,7,3,3,1,2,4,2,7,2,"anger",1,1
"110",87,0,1,NA,NA,NA,2,NA,0,1,0,0,0,0,0,0,0,9,0,0,1,0,0,0,0,1,0,0,0,0,0,0,1,0,0,0,0,0,0,0,1,0,0,1,0,0,0,0,1,3,4,1,3,3,3,2,2,3,1,1,2,1,3,3,3,1,2,1,1,2,5,2,"anger",1,1
"111",128,1,1,NA,NA,2,NA,22,0,0,0,0,1,0,0,0,0,10,0,0,1,0,0,0,0,1,0,0,0,0,0,0,1,0,0,0,0,0,1,0,0,0,0,1,0,0,0,0,1,4,4,3,2,2,3,3,6,2,2,2,1,3,4,3,9,1,4,1,2,1,3,2,"anger",1,1
"112",129,1,1,NA,NA,2,NA,30,0,0,0,0,0,0,0,1,0,10,0,0,1,0,0,0,0,1,0,0,0,0,0,0,1,0,0,0,0,0,0,0,1,0,0,1,0,0,0,0,2,2,3,2,3,2,3,2,3,1,2,4,2,6,6,2,2,1,4,1,2,2,6,1,"anger",1,1
"113",181,0,1,NA,NA,2,NA,24,0,0,0,0,1,0,0,0,1,13,0,0,1,0,0,0,0,1,0,0,0,0,0,0,1,0,0,0,0,0,0,0,1,0,0,1,0,0,0,0,3,2,4,3,3,2,3,3,4,3,3,1,1,2,4,3,9,1,2,1,2,5,8,2,"anger",1,1
"114",207,0,1,NA,NA,NA,2,NA,0,1,0,0,0,0,0,0,0,19,0,0,1,0,0,0,0,1,0,0,0,0,0,0,1,0,0,0,0,0,0,0,1,0,0,1,0,0,0,0,1,3,4,1,3,3,3,2,2,3,1,1,2,1,3,3,3,1,2,1,1,2,5,2,"anger",1,1
"115",253,1,1,NA,NA,2,NA,31,1,0,0,0,1,0,0,0,0,19,0,0,1,0,1,0,0,1,1,0,0,1,0,1,1,0,1,0,0,0,1,0,1,0,0,1,1,0,0,0,1,2,3,3,3,2,3,3,4,3,4,2,2,6,6,6,9,4,4,1,3,2,8,1,"anger",1,1
"116",257,1,1,NA,NA,NA,2,34,0,0,0,0,0,0,1,0,0,24,0,0,1,0,0,0,0,0,1,0,0,0,0,0,1,0,0,0,0,0,0,0,1,0,0,0,1,0,0,0,3,2,4,2,3,2,4,2,3,3,2,3,1,6,2,6,9,2,1,1,2,2,5,1,"anger",1,1
"117",282,0,1,NA,NA,2,NA,22,0,1,0,0,0,0,0,0,0,24,0,0,1,0,0,0,0,1,0,0,0,0,0,0,1,0,1,0,0,0,1,0,1,0,0,1,0,0,0,0,2,3,4,3,2,2,3,3,3,2,4,2,1,3,7,7,7,2,2,3,3,3,5,2,"anger",1,1
"118",357,1,1,NA,NA,2,NA,24,0,0,1,0,0,0,0,0,0,27,0,0,1,0,0,0,0,1,0,0,0,0,0,0,1,0,0,0,0,0,0,0,1,0,0,1,0,0,0,0,1,2,4,3,4,3,3,3,4,3,2,3,2,5,1,1,2,1,4,1,2,4,3,4,"anger",1,1
"119",400,1,1,NA,NA,2,NA,25,0,0,0,0,1,0,0,0,0,50,0,0,1,0,0,0,0,1,0,0,0,0,0,0,1,0,0,0,0,0,1,0,0,0,0,1,0,0,0,0,1,4,4,3,2,2,3,3,6,2,2,2,1,3,4,3,9,1,4,1,2,1,3,2,"anger",1,1
"120",429,1,1,NA,NA,NA,2,24,1,0,1,1,0,0,0,0,0,50,0,0,1,0,0,0,0,0,1,0,0,0,-99,-99,-99,-99,-99,-99,0,1,1,0,0,0,0,1,1,0,0,0,2,2,3,2,4,3,4,3,3,1,1,2,3,6,7,7,9,1,1,1,2,2,5,1,"anger",1,1
"121",435,0,1,NA,NA,2,NA,24,0,0,0,0,1,0,0,0,1,50,0,0,1,0,0,0,0,1,0,0,0,0,0,0,1,0,0,0,0,0,0,0,1,0,0,1,0,0,0,0,3,2,4,3,3,2,3,3,4,3,3,1,1,2,4,3,9,1,2,1,2,5,8,2,"anger",1,1
"122",446,0,1,NA,NA,2,NA,57,0,0,0,0,0,0,1,0,0,50,0,0,1,0,0,0,0,1,1,0,0,0,0,0,1,0,1,0,0,0,1,0,1,0,0,1,1,0,0,0,3,2,3,3,3,3,2,3,3,3,2,2,2,6,7,7,9,4,3,2,4,2,8,2,"anger",1,1
"123",13,0,1,NA,NA,2,NA,31,0,0,0,0,0,0,1,0,0,51,0,1,1,0,0,0,0,1,0,0,0,0,0,0,1,0,1,0,0,0,1,0,1,0,0,1,1,0,0,0,1,3,3,3,3,3,3,3,3,3,2,3,2,6,6,6,9,4,2,1,4,4,8,4,"anger",1,1
"124",49,1,1,NA,NA,2,NA,43,0,0,0,0,1,0,0,0,0,51,0,0,0,1,0,0,0,0,1,0,0,0,0,0,1,0,0,0,0,0,0,0,1,0,0,1,0,0,0,0,2,2,3,1,4,3,3,3,3,3,3,2,2,6,4,2,9,1,3,1,3,1,7,2,"anger",1,1
"125",94,0,1,NA,NA,2,NA,31,0,0,0,1,0,1,0,0,0,51,0,0,1,0,0,0,0,1,0,0,0,0,0,1,0,0,0,0,0,0,0,0,1,0,0,1,0,0,0,0,3,2,4,3,3,2,3,3,4,3,4,1,1,6,7,6,9,2,2,1,2,2,8,2,"anger",1,1
"126",260,1,1,NA,NA,2,NA,22,1,0,1,0,0,1,0,0,1,51,0,0,0,0,1,0,0,0,1,0,0,0,0,0,1,0,0,0,0,0,1,0,0,0,0,1,0,0,0,0,1,2,4,3,3,3,3,3,4,3,2,2,1,7,7,7,9,2,3,1,4,2,7,1,"anger",1,1
"127",93,0,1,NA,NA,2,NA,30,0,1,0,0,0,0,0,0,0,30,0,1,1,0,0,0,0,1,0,0,0,0,0,0,1,0,0,0,0,0,1,0,1,0,0,1,0,0,0,0,3,2,3,3,3,3,3,2,3,1,3,2,2,6,6,6,9,4,1,1,1,4,5,1,"anger",1,1
"128",197,0,1,NA,NA,NA,2,23,0,1,0,0,0,0,0,0,0,30,0,0,1,0,0,0,0,0,1,0,0,0,0,1,0,0,0,0,0,0,0,0,1,0,0,1,0,0,0,0,3,2,3,1,3,3,3,3,4,3,3,1,2,6,7,7,9,3,4,3,3,2,7,2,"anger",1,1
"129",22,0,1,NA,NA,2,NA,59,0,0,0,0,0,1,0,0,0,30,0,0,1,0,0,0,0,1,0,0,0,0,0,0,1,0,0,0,0,0,0,0,1,0,0,1,0,0,0,0,3,2,3,1,3,2,3,3,4,3,3,2,2,6,7,3,5,3,3,1,4,4,5,3,"anger",1,1
"130",107,0,1,NA,NA,NA,2,23,0,0,0,0,0,0,1,0,0,30,0,0,1,0,0,0,0,1,0,0,0,0,0,0,1,0,0,0,0,0,0,0,1,0,0,0,1,0,0,0,2,2,3,1,2,1,3,3,4,3,3,2,1,4,4,2,9,3,3,1,1,2,7,2,"anger",1,1
"131",341,0,1,NA,NA,2,NA,52,0,1,0,0,0,0,0,0,0,31,0,1,1,0,0,0,0,1,0,0,0,0,0,0,1,0,0,0,0,0,1,0,1,0,0,1,0,0,0,0,3,3,4,3,3,3,3,3,3,3,3,3,2,6,6,6,9,4,1,1,1,2,5,2,"anger",1,1
"132",77,0,1,NA,NA,NA,2,23,0,1,0,0,0,0,0,0,0,32,0,0,1,0,1,0,0,1,0,0,0,0,0,0,1,0,1,0,0,0,1,0,1,0,0,1,1,0,0,0,3,3,4,1,3,2,3,3,6,3,3,3,1,3,3,3,4,1,4,1,1,3,8,2,"anger",1,1
"133",211,0,1,NA,NA,2,NA,NA,0,0,0,0,1,0,0,0,0,32,0,0,1,0,0,0,0,0,0,0,0,1,0,0,1,0,0,0,0,0,0,0,1,0,0,1,0,0,0,0,3,4,4,3,3,3,3,3,4,3,3,1,2,6,7,7,9,1,1,2,1,2,8,2,"anger",1,1
"134",238,0,1,NA,NA,NA,2,23,0,0,0,0,1,0,0,0,0,36,0,1,1,0,1,0,0,1,0,0,0,0,0,1,1,0,0,0,0,0,0,0,1,0,0,1,1,0,0,0,2,2,4,1,3,2,3,3,4,1,3,3,2,3,3,2,9,1,1,1,2,1,7,2,"anger",1,1
"135",250,1,1,NA,NA,NA,2,45,0,0,0,0,1,0,0,0,0,38,0,0,0,0,1,0,0,0,1,0,0,0,0,0,1,0,0,0,0,0,0,0,1,0,0,0,0,0,1,0,2,1,3,1,4,3,3,3,4,3,2,2,1,2,4,3,7,2,4,1,4,1,7,2,"anger",1,1
"136",344,0,1,NA,NA,NA,2,23,0,0,0,0,1,0,0,0,0,38,0,1,1,0,1,0,0,1,0,0,0,0,0,1,1,0,0,0,0,0,0,0,1,0,0,1,1,0,0,0,2,2,4,1,3,2,3,3,4,1,3,3,2,3,3,2,9,1,1,1,2,1,7,2,"anger",1,1
"137",420,1,1,NA,NA,2,NA,25,0,0,0,0,1,1,0,0,0,39,0,1,1,0,1,0,0,1,0,1,0,0,0,0,1,0,1,0,0,1,1,0,1,0,0,1,0,0,1,0,2,3,4,3,3,3,4,3,3,3,3,2,2,6,5,3,3,2,3,2,3,3,5,2,"anger",1,1
"138",445,0,1,NA,NA,NA,2,54,0,1,0,0,0,0,0,0,0,39,0,0,1,0,0,0,0,1,0,0,0,0,0,0,1,0,0,0,0,0,0,0,1,0,0,1,0,0,0,0,2,2,3,3,3,2,3,2,3,3,2,2,1,3,4,2,7,4,3,1,2,4,7,2,"anger",1,1
"139",278,1,1,NA,NA,2,NA,43,0,0,0,0,1,0,0,0,0,70,0,0,0,1,0,0,0,0,1,0,0,0,0,0,1,0,0,0,0,0,0,0,1,0,0,1,0,0,0,0,2,2,3,1,4,3,3,3,3,3,3,2,2,6,4,2,9,1,3,1,3,1,7,2,"anger",1,1
"140",310,1,1,NA,NA,2,NA,22,1,0,1,0,0,1,0,0,1,80,0,0,0,0,1,0,0,0,1,0,0,0,0,0,1,0,0,0,0,0,1,0,0,0,0,1,0,0,0,0,1,2,4,3,3,3,3,3,4,3,2,2,1,7,7,7,9,2,3,1,4,2,7,1,"anger",1,1
"141",380,0,1,NA,NA,NA,2,42,0,0,0,0,0,0,0,1,0,39,0,0,1,0,0,0,0,0,1,0,0,0,0,0,1,0,0,0,0,0,1,0,1,0,0,1,0,0,0,0,2,3,4,3,3,3,4,3,6,3,1,2,1,7,7,7,8,2,2,1,1,5,6,2,"anger",1,1
"142",401,0,1,NA,NA,NA,2,42,0,0,0,0,0,0,0,1,0,50,0,0,1,0,0,0,0,0,1,0,0,0,0,0,1,0,0,0,0,0,1,0,1,0,0,1,0,0,0,0,2,3,4,3,3,3,4,3,6,3,1,2,1,7,7,7,8,2,2,1,1,5,6,2,"anger",1,1
"143",298,0,1,NA,NA,NA,2,26,0,0,0,0,0,1,0,0,0,90,0,0,1,0,0,0,0,1,0,0,0,0,0,0,1,0,0,0,0,0,0,0,1,0,0,1,0,0,0,0,2,2,4,3,3,3,3,2,2,3,3,1,1,3,6,6,3,4,2,1,1,1,8,2,"anger",1,1
"144",72,0,1,NA,NA,2,NA,40,0,1,0,0,0,0,0,0,0,NA,0,0,1,0,0,0,0,1,0,0,0,0,0,0,1,0,0,0,0,0,0,0,1,0,0,1,0,0,0,0,3,2,4,3,3,4,3,1,4,3,3,2,1,3,-99,3,7,2,1,1,2,2,7,2,"anger",1,1
"145",86,0,1,NA,NA,2,NA,NA,0,1,0,0,0,0,0,0,0,NA,0,1,1,0,0,0,0,1,0,0,0,0,0,1,1,0,0,0,0,1,1,0,1,0,0,1,0,0,0,0,2,3,4,2,2,3,3,3,6,3,1,2,1,1,7,7,9,1,3,1,1,1,7,2,"anger",1,1
"146",134,0,1,NA,NA,2,NA,40,0,1,0,0,0,0,0,0,0,NA,0,0,1,0,0,0,0,1,0,0,0,0,0,0,1,0,0,0,0,0,0,0,1,0,0,1,0,0,0,0,3,2,4,3,3,4,3,1,4,3,3,2,1,3,-99,3,7,2,1,1,2,2,7,2,"anger",1,1
"147",141,0,1,NA,NA,2,NA,32,1,1,1,0,1,0,0,0,0,NA,1,0,0,0,0,0,0,0,1,0,0,0,0,0,1,0,0,0,0,0,1,0,0,0,0,1,0,0,0,0,5,3,4,3,3,3,3,3,3,3,4,3,1,6,6,6,9,5,3,1,4,4,4,1,"anger",1,1
"148",178,1,1,NA,NA,2,NA,39,0,0,0,0,1,0,0,0,0,NA,0,0,1,0,0,0,0,1,0,0,0,0,0,0,1,0,0,0,0,0,0,0,1,0,0,1,0,0,0,0,1,2,3,3,4,3,3,3,3,3,1,2,2,7,7,7,9,1,4,1,1,1,8,2,"anger",1,1
"149",308,0,1,NA,NA,NA,2,25,0,1,0,0,0,0,0,0,0,NA,0,1,0,0,0,0,0,0,1,0,0,0,0,0,0,0,1,0,0,0,1,0,0,0,0,0,1,0,0,0,2,3,3,1,4,3,1,3,2,3,3,2,1,3,7,7,9,3,3,2,2,2,6,2,"anger",1,1
"150",327,0,1,NA,NA,2,NA,32,1,1,1,0,1,0,0,0,0,NA,1,0,0,0,0,0,0,0,1,0,0,0,0,0,1,0,0,0,0,0,1,0,0,0,0,1,0,0,0,0,5,3,4,3,3,3,3,3,3,3,4,3,1,6,6,6,9,5,3,1,4,4,4,1,"anger",1,1
"151",439,0,1,NA,NA,NA,2,29,0,1,0,0,0,0,0,0,0,NA,0,1,1,0,0,0,0,1,0,0,0,0,0,0,1,0,1,0,0,0,1,0,1,0,0,1,1,0,0,0,2,1,4,1,2,3,3,3,3,3,3,2,1,6,3,2,9,2,5,4,4,2,6,2,"anger",1,1
"152",169,1,NA,1,NA,1,NA,23,0,1,0,0,1,0,1,1,0,0,0,0,1,0,0,0,0,1,0,0,0,0,0,0,0,0,1,0,0,0,0,0,1,0,0,1,0,0,0,0,2,2,4,3,3,2,3,3,6,3,3,1,2,1,6,2,2,1,3,2,3,4,7,2,"anxiety",0,0
"153",44,0,NA,1,NA,NA,1,25,0,1,0,0,1,0,0,0,0,10,0,0,1,0,1,0,0,1,0,0,0,0,0,0,1,0,1,0,0,0,1,0,1,0,0,1,1,0,0,0,3,2,4,3,2,3,2,3,4,3,4,2,1,6,3,2,6,1,2,1,3,2,8,2,"anxiety",0,0
"154",393,0,NA,1,NA,1,NA,23,0,1,0,0,0,0,0,0,0,10,0,1,1,0,1,0,0,1,0,0,0,0,0,1,1,0,0,0,0,0,1,0,1,0,0,1,0,0,0,0,1,2,4,3,1,1,4,1,6,3,2,2,2,6,6,6,1,5,1,4,4,4,7,3,"anxiety",0,0
"155",440,0,NA,1,NA,NA,1,25,0,1,0,0,1,0,0,0,0,10,0,0,1,0,1,0,0,1,0,0,0,0,0,0,1,0,1,0,0,0,1,0,1,0,0,1,1,0,0,0,3,2,4,3,2,3,2,3,4,3,4,2,1,6,3,2,6,1,2,1,3,2,8,2,"anxiety",0,0
"156",65,0,NA,1,NA,NA,1,22,0,0,0,0,0,0,1,1,1,50,0,0,1,0,0,0,0,1,0,0,0,0,0,1,1,0,1,0,0,0,1,0,1,0,0,1,1,0,0,0,2,3,3,3,3,3,2,3,2,3,4,3,1,3,4,3,9,2,3,2,2,4,7,2,"anxiety",0,0
"157",386,0,NA,1,NA,NA,1,22,0,0,0,0,0,0,1,1,1,50,0,0,1,0,0,0,0,1,0,0,0,0,0,1,1,0,1,0,0,0,1,0,1,0,0,1,1,0,0,0,2,3,3,3,3,3,2,3,2,3,4,3,1,3,4,3,9,2,3,2,2,4,7,2,"anxiety",0,0
"158",24,1,NA,1,NA,1,NA,28,0,0,0,0,1,0,0,0,0,54,0,0,1,0,0,0,0,0,1,0,0,0,0,0,1,0,0,0,0,0,0,0,1,0,0,0,1,0,0,0,1,3,4,3,3,3,2,3,3,3,4,2,1,6,7,3,9,4,4,1,2,2,5,2,"anxiety",0,0
"159",262,1,NA,1,NA,1,NA,28,0,0,0,0,1,0,0,0,0,20,0,0,1,0,0,0,0,0,1,0,0,0,0,0,1,0,0,0,0,0,0,0,1,0,0,0,1,0,0,0,1,3,4,3,3,3,2,3,3,3,4,2,1,6,7,3,9,4,4,1,2,2,5,2,"anxiety",0,0
"160",101,1,NA,1,NA,1,NA,22,0,0,0,0,1,0,0,0,0,60,0,0,1,0,0,0,0,1,0,0,0,0,0,0,1,0,1,0,0,0,0,0,1,0,0,1,0,0,0,0,2,2,4,3,2,3,3,3,4,3,4,2,1,3,5,3,9,1,3,1,3,1,7,2,"anxiety",0,0
"161",428,0,NA,1,NA,NA,1,25,0,0,0,0,1,0,0,0,0,60,0,1,1,0,0,0,0,0,1,0,0,0,0,1,1,0,1,0,0,1,1,0,1,0,0,1,0,0,0,0,2,4,4,3,3,2,3,3,4,3,2,3,1,3,4,2,9,2,3,2,2,3,7,1,"anxiety",0,0
"162",165,0,NA,1,NA,NA,1,44,0,1,0,0,0,0,0,0,0,60,0,1,0,0,0,0,0,1,0,0,0,0,0,1,0,0,0,0,0,0,0,0,1,0,0,1,0,0,0,0,1,1,4,1,2,3,3,3,6,3,2,2,1,3,4,2,1,1,2,2,2,2,7,2,"anxiety",0,0
"163",12,1,NA,1,NA,NA,1,28,0,1,0,0,0,0,1,1,0,60,0,0,1,0,1,0,0,1,1,0,0,0,0,0,1,0,0,0,0,0,1,0,1,0,0,1,0,0,0,0,3,2,4,3,2,2,3,3,3,1,4,2,2,6,1,3,9,1,4,3,4,1,8,2,"anxiety",0,0
"164",27,0,NA,1,NA,1,NA,52,0,1,0,0,0,0,0,1,0,60,0,0,1,0,0,0,0,1,0,0,0,0,0,1,0,0,0,0,0,0,0,0,1,0,0,1,0,0,0,0,3,2,3,3,3,3,3,3,4,3,3,1,1,4,3,3,1,2,3,2,2,2,8,2,"anxiety",0,0
"165",37,1,NA,1,NA,NA,1,45,0,0,0,1,1,0,0,0,0,61,0,0,1,0,0,0,0,1,1,0,0,0,0,1,1,0,1,0,0,0,1,0,1,0,0,1,1,0,0,0,3,2,4,2,3,2,3,3,3,3,1,2,2,6,3,1,2,3,1,1,1,2,7,1,"anxiety",0,0
"166",58,0,NA,1,NA,1,NA,27,0,1,0,0,0,0,0,0,0,70,0,0,1,0,0,0,0,1,0,0,0,0,0,0,1,0,1,0,0,0,1,0,1,0,0,1,0,0,0,0,2,3,3,1,3,3,3,3,3,3,2,3,1,6,6,6,7,1,1,1,1,2,8,2,"anxiety",0,0
"167",105,1,NA,1,NA,NA,1,28,0,1,0,0,0,0,1,1,0,20,0,0,1,0,1,0,0,1,1,0,0,0,0,0,1,0,0,0,0,0,1,0,1,0,0,1,0,0,0,0,3,2,4,3,2,2,3,3,3,1,4,2,2,6,1,3,9,1,4,3,4,1,8,2,"anxiety",0,0
"168",114,1,NA,1,NA,1,NA,26,0,0,0,1,0,0,0,0,0,70,0,0,1,0,1,0,0,1,1,0,0,0,0,1,1,0,0,0,0,0,0,0,1,0,0,1,0,0,1,0,1,2,4,1,4,2,4,3,3,1,1,3,1,5,3,3,5,1,4,1,3,1,8,2,"anxiety",0,0
"169",236,0,NA,1,NA,NA,1,46,0,1,0,0,0,0,0,1,0,73,0,0,1,0,1,0,0,1,0,0,0,0,0,0,1,0,1,0,0,1,0,0,1,0,0,1,0,0,0,0,4,2,2,3,3,3,3,3,4,3,3,2,1,4,3,2,9,1,2,1,1,2,6,2,"anxiety",0,0
"170",240,1,NA,1,NA,1,NA,26,0,1,0,0,1,0,0,0,0,75,0,0,1,0,1,0,0,1,1,0,0,0,0,0,1,0,0,0,0,1,1,0,1,0,0,1,0,0,0,0,2,3,3,3,3,2,3,3,4,3,4,2,2,6,6,6,9,1,2,1,1,2,8,2,"anxiety",0,0
"171",243,1,NA,1,NA,NA,1,22,0,0,0,1,1,0,0,0,0,80,0,0,1,0,0,0,0,1,1,0,0,0,0,1,1,0,1,0,0,0,1,0,1,0,0,1,1,0,0,0,3,2,4,2,3,2,3,3,3,3,1,2,2,6,3,1,2,3,1,1,1,2,7,1,"anxiety",0,0
"172",244,0,NA,1,NA,1,NA,52,0,1,0,0,0,0,0,1,0,80,0,0,1,0,0,0,0,1,0,0,0,0,0,1,0,0,0,0,0,0,0,0,1,0,0,1,0,0,0,0,3,2,3,3,3,3,3,3,4,3,3,1,1,4,3,3,1,2,3,2,2,2,8,2,"anxiety",0,0
"173",266,0,NA,1,NA,NA,1,30,0,1,0,0,1,0,1,1,0,81,0,0,1,0,0,0,0,0,1,0,0,0,0,0,1,0,0,0,0,1,1,0,1,0,0,1,1,0,0,0,2,3,4,3,2,2,3,2,3,3,3,2,1,3,1,4,9,1,1,1,4,4,6,2,"anxiety",0,0
"174",363,0,NA,1,NA,NA,1,46,0,1,0,0,0,0,0,1,0,25,0,0,1,0,1,0,0,1,0,0,0,0,0,0,1,0,1,0,0,1,0,0,1,0,0,1,0,0,0,0,4,2,2,3,3,3,3,3,4,3,3,2,1,4,3,2,9,1,2,1,1,2,8,2,"anxiety",0,0
"175",421,1,NA,1,NA,1,NA,26,0,0,0,1,0,0,0,0,0,91,0,0,1,0,1,0,0,1,1,0,0,0,0,1,1,0,0,0,0,0,0,0,1,0,0,1,0,0,1,0,1,2,4,1,4,2,4,3,3,1,1,3,1,5,3,3,5,1,4,1,3,1,8,2,"anxiety",0,0
"176",170,0,NA,1,NA,NA,1,60,0,1,0,0,0,0,0,1,0,30,0,0,1,0,0,0,0,1,0,0,0,0,0,0,1,0,0,0,0,0,1,0,0,0,0,1,0,0,0,0,2,2,2,3,3,2,3,2,3,3,3,1,1,6,6,6,6,2,2,1,3,2,8,2,"anxiety",0,0
"177",18,0,NA,1,NA,NA,1,24,1,0,0,0,0,0,0,0,1,36,0,0,1,0,1,0,0,1,1,0,0,0,0,0,1,0,0,0,0,0,0,0,1,0,0,1,0,0,0,0,1,3,-99,3,3,-99,-99,-99,-99,-99,-99,-99,3,3,1,1,1,1,1,2,3,2,6,2,"anxiety",0,0
"178",59,0,NA,1,NA,NA,1,23,0,1,0,0,0,0,0,0,0,39,0,0,1,0,1,0,0,1,0,0,0,0,0,0,1,0,1,0,0,1,0,0,0,0,0,1,0,0,0,0,3,1,2,3,2,4,3,4,6,3,2,1,1,7,4,3,4,2,3,2,1,4,8,3,"anxiety",0,0
"179",110,0,NA,1,NA,1,NA,24,0,1,0,0,0,0,1,1,0,39,0,0,1,0,1,0,0,1,1,0,0,0,0,0,1,0,1,0,0,0,1,0,1,0,0,1,0,0,0,0,3,2,2,3,3,3,3,3,6,3,4,2,3,4,4,3,1,1,2,1,1,1,8,2,"anxiety",0,0
"180",267,1,NA,1,NA,1,NA,25,0,0,0,0,1,0,0,0,0,39,0,0,1,0,0,0,0,1,0,0,0,0,0,1,1,0,0,0,0,1,1,0,1,0,0,1,0,0,0,0,2,2,3,2,3,3,5,3,4,3,5,4,3,6,-99,-99,9,1,5,1,2,2,7,1,"anxiety",0,0
"181",315,1,NA,1,NA,NA,1,33,0,0,0,0,1,0,0,0,0,39,0,0,1,0,0,0,0,0,1,0,0,0,0,0,0,0,1,0,0,1,0,0,0,0,0,0,1,0,0,0,4,3,3,3,3,3,3,3,3,3,2,2,3,7,6,3,3,6,1,1,2,1,3,2,"anxiety",0,0
"182",376,1,NA,1,NA,NA,1,33,0,0,0,0,1,0,0,0,0,39,0,0,1,0,0,0,0,0,1,0,0,0,0,0,0,0,1,0,0,1,0,0,0,0,0,0,1,0,0,0,4,3,3,3,3,3,3,3,3,3,2,2,3,7,6,3,3,6,1,1,2,1,5,2,"anxiety",0,0
"183",394,1,NA,1,NA,1,NA,40,1,0,0,0,0,0,0,0,0,39,0,0,1,0,0,0,0,1,0,0,0,0,0,0,0,0,0,1,0,0,0,0,1,0,0,1,0,0,0,0,2,2,3,3,4,3,3,3,-99,3,3,2,1,6,7,7,1,2,4,1,2,1,4,2,"anxiety",0,0
"184",60,0,NA,1,NA,NA,1,53,0,1,0,0,0,0,0,0,0,40,0,0,1,0,0,0,0,0,1,0,0,0,0,1,0,0,0,0,0,0,0,0,1,0,0,1,0,0,0,0,3,2,2,3,3,2,3,3,4,3,3,2,1,3,2,5,4,3,3,1,2,1,8,2,"anxiety",0,0
"185",237,0,NA,1,NA,NA,1,54,0,1,0,0,0,0,0,1,0,41,0,0,1,0,0,0,0,1,0,0,0,0,0,0,1,0,0,0,0,0,0,0,1,0,0,1,0,0,0,0,3,3,2,3,3,3,3,3,4,3,3,2,1,4,2,3,1,3,2,2,2,3,5,2,"anxiety",0,0
"186",307,1,NA,1,NA,1,NA,22,0,0,0,0,0,0,0,1,0,45,0,0,1,0,0,0,0,0,0,1,0,0,0,1,0,0,0,0,0,0,0,0,1,0,0,1,0,0,0,0,3,-99,1,1,3,3,3,3,3,3,2,2,2,7,3,5,3,2,2,1,2,1,6,2,"anxiety",0,0
"187",304,0,NA,1,NA,1,NA,23,0,0,0,0,0,1,0,0,1,47,0,0,1,0,0,0,0,1,0,0,0,0,0,0,1,0,0,0,0,0,0,0,1,0,0,1,0,0,0,0,3,3,3,1,3,2,3,3,2,3,4,1,1,7,3,4,1,6,4,2,2,4,7,3,"anxiety",0,0
"188",177,0,NA,1,NA,NA,1,31,0,0,0,0,1,0,0,0,0,58,0,0,1,0,0,0,0,0,1,0,0,0,0,0,1,0,0,0,0,0,0,0,1,0,0,1,0,0,0,0,3,3,4,3,3,2,3,3,3,2,5,4,2,7,7,7,9,2,1,1,1,1,5,4,"anxiety",0,0
"189",404,0,NA,1,NA,NA,1,31,0,0,0,0,1,0,0,0,0,58,0,0,1,0,0,0,0,0,1,0,0,0,0,0,1,0,0,0,0,0,0,0,1,0,0,1,0,0,0,0,3,3,4,3,3,2,3,3,3,2,5,4,2,7,7,7,9,2,1,1,1,1,5,4,"anxiety",0,0
"190",104,0,NA,1,NA,1,NA,23,1,0,0,1,0,0,0,0,0,60,0,0,1,0,0,0,0,0,0,0,0,1,0,0,1,0,0,0,0,0,0,0,1,0,0,1,0,0,0,0,2,2,4,3,3,2,3,2,4,3,3,1,2,3,2,3,9,4,3,2,2,4,8,2,"anxiety",0,0
"191",274,1,NA,1,NA,1,NA,47,0,0,0,0,1,0,1,0,0,60,0,0,1,0,1,0,0,0,0,0,0,1,0,0,1,0,0,0,0,0,1,0,1,0,0,1,0,0,1,0,1,2,4,1,4,3,4,3,4,1,2,2,2,1,4,3,9,5,4,2,3,1,7,2,"anxiety",0,0
"192",311,1,NA,1,NA,1,NA,47,0,0,0,0,1,0,1,0,0,60,0,0,1,0,1,0,0,0,0,0,0,1,0,0,1,0,0,0,0,0,1,0,1,0,0,1,0,0,1,0,1,2,4,1,4,3,4,3,4,1,2,2,2,1,4,3,9,5,4,2,3,1,7,2,"anxiety",0,0
"193",228,1,NA,1,NA,1,NA,31,0,0,0,0,0,0,0,0,1,66,0,0,1,0,0,0,0,1,0,0,0,0,0,0,1,0,0,0,0,0,0,0,1,0,0,1,0,0,0,0,2,4,4,4,3,2,3,2,4,4,3,3,1,6,6,7,9,2,1,1,1,1,4,1,"anxiety",0,0
"194",383,0,NA,1,NA,1,NA,50,0,0,0,0,1,0,0,0,0,66,0,0,1,0,0,0,0,1,0,0,0,0,0,0,1,0,0,0,0,0,0,0,1,0,0,1,0,0,0,0,5,2,4,2,3,2,4,2,3,3,2,2,2,6,6,-99,-99,3,5,1,1,1,8,2,"anxiety",0,0
"195",79,0,NA,1,NA,NA,1,23,0,0,0,1,1,1,0,0,1,70,0,0,1,0,0,0,0,0,1,0,0,0,0,0,1,0,0,0,0,0,1,0,0,0,0,1,0,0,0,0,2,2,4,1,2,2,3,3,4,3,4,1,1,6,2,4,9,4,1,2,2,3,7,2,"anxiety",0,0
"196",99,0,NA,1,NA,1,NA,27,0,1,0,0,1,0,0,0,0,70,0,1,1,0,1,1,1,1,0,1,0,1,0,1,1,0,1,0,0,0,1,0,1,1,0,1,1,0,0,0,3,2,3,2,3,3,3,3,4,3,2,2,2,1,7,7,9,1,2,1,2,2,8,2,"anxiety",0,0
"197",135,1,NA,1,NA,NA,1,32,0,1,0,0,0,0,0,1,0,70,0,0,1,0,0,0,0,0,0,0,1,0,0,0,1,0,0,0,0,0,1,0,0,0,0,1,0,0,0,0,3,2,4,3,3,3,3,3,4,3,3,2,2,6,5,1,2,2,3,1,2,2,7,2,"anxiety",0,0
"198",156,0,NA,1,NA,1,NA,27,0,1,0,0,1,0,0,0,0,70,0,1,1,0,1,1,1,1,0,1,0,1,0,1,1,0,1,0,0,0,1,0,1,1,0,1,1,0,0,0,3,2,3,2,3,3,3,3,4,3,2,2,2,1,7,7,9,1,2,1,2,2,8,2,"anxiety",0,0
"199",180,0,NA,1,NA,1,NA,24,0,0,0,0,1,1,0,0,0,70,0,0,1,0,0,0,0,1,1,0,0,0,0,1,1,0,1,0,0,1,1,0,1,0,0,1,1,0,0,0,2,3,4,3,3,4,3,4,4,3,5,1,1,6,7,7,9,3,4,4,3,4,7,2,"anxiety",0,0
"200",184,0,NA,1,NA,1,NA,24,0,0,0,0,1,1,0,0,0,70,0,0,1,0,0,0,0,1,1,0,0,0,0,1,1,0,1,0,0,1,1,0,1,0,0,1,1,0,0,0,2,3,4,3,3,4,3,4,4,3,5,1,1,6,7,7,9,3,4,4,3,4,7,2,"anxiety",0,0
"201",223,1,NA,1,NA,NA,1,23,0,1,0,0,1,0,0,0,0,70,0,1,0,0,0,0,0,1,0,0,0,0,0,0,1,0,0,0,0,0,0,0,1,0,0,1,0,0,0,0,2,2,3,3,3,3,2,1,3,1,3,1,1,6,5,6,2,-99,3,1,2,2,7,-99,"anxiety",0,0
"202",242,1,NA,1,NA,1,NA,52,1,0,0,0,1,0,0,0,0,70,0,0,1,0,0,0,0,1,0,0,0,0,0,0,1,0,0,0,0,0,0,0,1,0,0,1,0,0,0,0,1,2,3,3,3,3,3,3,3,3,3,2,2,2,2,2,1,2,3,1,3,1,7,2,"anxiety",0,0
"203",248,0,NA,1,NA,NA,1,23,0,0,0,1,1,1,0,0,1,70,0,0,1,0,0,0,0,0,1,0,0,0,0,0,1,0,0,0,0,0,1,0,0,0,0,1,0,0,0,0,2,2,4,1,2,2,3,3,4,3,4,1,1,6,2,4,9,4,1,2,2,3,7,2,"anxiety",0,0
"204",263,1,NA,1,NA,NA,1,46,1,0,0,0,0,0,0,0,0,70,0,0,1,0,0,0,0,1,0,0,0,0,0,0,1,0,0,0,0,0,0,0,1,0,0,1,0,0,0,0,2,3,4,2,3,3,3,4,4,3,2,2,2,7,6,5,8,4,3,1,3,1,6,2,"anxiety",0,0
"205",339,1,NA,1,NA,1,NA,52,1,0,0,0,1,0,0,0,0,70,0,0,1,0,0,0,0,1,0,0,0,0,0,0,1,0,0,0,0,0,0,0,1,0,0,1,0,0,0,0,1,2,3,3,3,3,3,3,3,3,3,2,2,2,2,2,1,2,3,1,3,1,7,2,"anxiety",0,0
"206",345,1,NA,1,NA,NA,1,22,0,1,0,0,0,0,0,1,0,70,0,0,1,0,0,0,0,0,0,0,1,0,0,0,1,0,0,0,0,0,1,0,0,0,0,1,0,0,0,0,3,2,4,3,3,3,3,3,4,3,3,2,2,6,5,1,2,2,3,1,2,2,7,2,"anxiety",0,0
"207",271,1,NA,1,NA,1,NA,42,1,0,0,0,1,0,0,0,1,71,-99,-99,-99,-99,-99,-99,0,0,1,0,0,0,0,0,1,0,0,0,0,0,0,0,1,0,0,0,1,0,0,0,3,2,3,2,3,3,3,3,4,1,2,2,2,5,7,7,2,4,2,1,1,1,5,2,"anxiety",0,0
"208",201,0,NA,1,NA,NA,1,24,0,0,0,1,0,0,0,0,0,75,0,1,1,0,0,0,0,1,1,0,0,0,0,0,1,0,1,0,0,0,1,0,1,0,0,1,0,0,0,0,3,2,4,1,2,2,3,3,6,3,3,2,1,4,3,3,4,1,3,4,1,4,8,3,"anxiety",0,0
"209",4,0,NA,1,NA,1,NA,51,0,0,0,0,0,0,1,0,0,80,0,0,1,0,0,0,0,1,0,0,0,0,0,0,1,0,0,0,0,0,0,0,1,0,0,1,0,0,0,0,2,3,4,2,3,2,3,2,3,3,2,2,1,4,3,2,9,2,2,1,2,2,5,2,"anxiety",0,0
"210",219,0,NA,1,NA,NA,1,32,1,0,0,0,1,1,0,0,1,80,0,1,0,0,0,0,0,1,0,0,0,0,0,1,0,0,1,0,0,0,0,0,1,0,0,1,0,0,0,0,4,2,2,3,2,3,3,3,4,3,3,1,1,4,4,2,9,1,2,1,2,2,8,2,"anxiety",0,0
"211",75,0,NA,1,NA,NA,1,42,0,0,0,0,0,1,0,0,0,87,0,0,1,0,1,0,0,1,0,0,0,0,0,0,1,0,1,0,0,0,1,0,1,0,0,1,0,0,0,0,1,3,3,1,3,3,3,3,4,3,2,3,2,3,3,3,9,2,2,1,2,1,5,1,"anxiety",0,0
"212",322,0,NA,1,NA,NA,1,42,0,0,0,0,0,1,0,0,0,87,0,0,1,0,1,0,0,1,0,0,0,0,0,0,1,0,1,0,0,0,1,0,1,0,0,1,0,0,0,0,1,3,3,1,3,3,3,3,4,3,2,3,2,3,3,3,9,2,2,1,2,1,5,1,"anxiety",0,0
"213",301,1,NA,1,NA,1,NA,23,0,1,0,0,1,0,0,0,0,89,0,0,1,0,0,0,0,1,0,0,0,0,0,1,0,0,0,0,0,1,0,0,0,0,0,1,0,0,0,0,2,2,4,1,3,3,3,3,6,1,1,1,1,6,4,4,8,2,3,2,2,1,6,2,"anxiety",0,0
"214",286,0,NA,1,NA,1,NA,29,0,0,0,0,0,0,0,0,1,100,0,0,1,0,0,0,0,0,1,0,1,0,0,0,1,0,0,0,0,1,1,0,1,0,0,1,0,0,0,0,3,2,3,1,3,2,3,3,6,3,1,1,1,7,7,7,9,3,2,1,1,2,8,2,"anxiety",0,0
"215",16,0,NA,1,NA,1,NA,23,0,0,0,0,1,0,0,0,0,NA,0,0,1,0,0,0,0,1,1,0,0,0,0,0,1,0,1,0,0,0,1,0,0,0,0,1,0,0,0,0,3,2,3,3,2,2,3,2,4,3,3,2,1,7,6,6,9,1,3,1,2,3,7,2,"anxiety",0,0
"216",50,1,NA,1,NA,1,NA,23,0,0,0,0,0,0,1,0,0,NA,0,0,1,0,0,0,0,0,1,0,0,0,0,0,1,0,0,0,0,0,0,0,1,0,0,1,0,0,0,0,2,3,4,3,3,3,3,3,4,3,2,2,2,5,6,6,2,1,4,1,2,1,8,2,"anxiety",0,0
"217",76,0,NA,1,NA,NA,1,46,-99,-99,0,-99,NA,-99,-99,-99,-99,NA,0,0,1,0,0,0,0,1,0,0,0,0,0,0,0,0,0,1,0,0,0,0,1,0,0,1,0,0,0,0,3,1,2,1,3,2,3,3,3,3,3,1,1,3,4,1,9,3,5,1,1,2,6,2,"anxiety",0,0
"218",174,0,NA,1,NA,NA,1,NA,-99,-99,0,-99,NA,-99,-99,-99,-99,NA,-99,-99,-99,-99,-99,-99,-99,-99,-99,-99,-99,-99,-99,-99,-99,-99,-99,-99,-99,-99,-99,-99,-99,-99,-99,-99,-99,-99,-99,-99,-99,-99,-99,-99,-99,-99,-99,-99,-99,-99,-99,-99,-99,-99,-99,-99,-99,-99,-99,-99,-99,-99,-99,-99,"anxiety",0,0
"219",214,0,NA,1,NA,NA,1,NA,-99,-99,0,-99,NA,-99,-99,-99,-99,NA,-99,-99,-99,-99,-99,-99,-99,-99,-99,-99,-99,-99,-99,-99,-99,-99,-99,-99,-99,-99,-99,-99,-99,-99,-99,-99,-99,-99,-99,-99,-99,-99,-99,-99,-99,-99,-99,-99,-99,-99,-99,-99,-99,-99,-99,-99,-99,-99,-99,-99,-99,-99,-99,-99,"anxiety",0,0
"220",321,1,NA,1,NA,1,NA,40,1,0,0,0,1,0,0,0,0,NA,0,0,1,0,0,0,0,1,0,0,0,0,0,0,1,0,0,0,0,0,0,0,1,0,0,1,0,0,0,0,1,2,4,2,3,3,3,3,4,3,2,1,2,7,7,7,2,5,1,1,2,1,7,1,"anxiety",0,0
"221",416,0,NA,1,NA,1,NA,NA,-99,-99,0,-99,NA,-99,-99,-99,-99,NA,-99,-99,-99,-99,-99,-99,-99,-99,-99,-99,-99,-99,-99,-99,-99,-99,-99,-99,-99,-99,-99,-99,-99,-99,-99,-99,-99,-99,-99,-99,-99,-99,-99,-99,-99,-99,-99,-99,-99,-99,-99,-99,-99,-99,-99,-99,-99,-99,-99,-99,-99,-99,-99,-99,"anxiety",0,0
"222",442,0,NA,1,NA,1,NA,23,0,0,0,0,1,0,0,0,0,NA,0,0,1,0,0,0,0,1,1,0,0,0,0,0,1,0,1,0,0,0,1,0,0,0,0,1,0,0,0,0,3,2,3,3,2,2,3,2,4,3,3,2,1,7,6,6,9,1,3,1,2,3,7,2,"anxiety",0,0
"223",48,0,NA,1,NA,NA,2,23,0,1,0,0,0,0,0,0,0,0,0,1,1,0,0,0,0,1,1,0,0,0,0,1,1,0,0,0,0,1,1,0,1,0,0,1,0,0,0,0,2,3,2,3,3,3,3,3,4,3,4,2,1,5,2,4,7,1,1,2,3,4,7,2,"anxiety",1,0
"224",300,0,NA,1,NA,NA,2,23,0,1,0,0,0,0,0,0,0,0,0,1,1,0,0,0,0,1,1,0,0,0,0,1,1,0,0,0,0,1,1,0,1,0,0,1,0,0,0,0,2,3,2,3,3,3,3,3,4,3,4,2,1,5,2,4,7,1,1,2,3,4,7,2,"anxiety",1,0
"225",391,0,NA,1,NA,NA,2,23,0,0,1,0,0,0,0,1,0,0,0,0,1,0,0,0,0,1,1,0,0,0,0,0,1,0,0,0,0,1,0,0,1,0,0,1,0,0,0,0,2,4,1,1,2,2,2,4,4,3,3,1,1,3,5,3,1,2,4,4,4,4,8,3,"anxiety",1,0
"226",441,0,NA,1,NA,NA,2,27,0,1,0,0,0,0,0,0,0,9,0,1,1,0,0,0,0,1,1,0,0,0,0,0,1,0,1,0,0,0,1,0,1,0,0,1,0,0,0,0,2,3,2,1,3,4,3,4,6,3,1,1,1,3,5,2,9,1,3,4,1,2,8,2,"anxiety",1,0
"227",449,1,NA,1,NA,NA,2,40,1,0,0,0,0,1,0,0,0,9,0,0,1,0,0,0,0,0,1,0,0,0,0,0,0,0,1,0,0,0,0,0,1,0,0,1,0,0,0,0,3,2,3,1,3,3,3,1,4,-99,-99,-99,2,7,6,7,7,3,4,-99,2,1,5,1,"anxiety",1,0
"228",324,0,NA,1,NA,2,NA,25,0,0,0,0,1,0,0,0,0,10,0,0,1,0,1,0,0,1,0,0,0,0,0,0,1,0,1,0,0,0,0,0,1,0,0,1,0,0,0,0,1,3,3,3,3,3,3,3,6,3,1,1,1,2,3,4,8,4,4,2,1,4,8,3,"anxiety",1,0
"229",337,0,NA,1,NA,2,NA,25,0,0,0,0,1,0,0,0,0,10,0,0,1,0,1,0,0,1,0,0,0,0,0,0,1,0,1,0,0,0,0,0,1,0,0,1,0,0,0,0,1,3,3,3,3,3,3,3,6,3,1,1,1,2,3,4,8,4,4,2,1,4,8,3,"anxiety",1,0
"230",230,0,NA,1,NA,2,NA,23,0,0,1,0,0,0,0,0,0,19,0,1,1,0,1,0,0,1,0,0,0,0,0,0,1,0,0,0,0,0,1,0,0,0,0,1,0,0,0,0,1,3,2,2,2,2,3,1,6,3,3,2,1,6,5,6,7,3,2,4,1,4,8,2,"anxiety",1,0
"231",54,0,NA,1,NA,NA,2,23,0,1,0,0,0,0,0,0,0,20,0,1,0,0,1,0,0,1,0,0,0,0,0,0,1,0,1,0,0,1,1,0,1,0,0,1,0,0,0,0,3,1,3,3,3,3,3,3,3,3,3,1,1,6,7,7,9,1,3,2,2,4,8,2,"anxiety",1,0
"232",102,1,NA,1,NA,2,NA,54,1,0,0,0,0,0,0,0,0,20,0,0,1,0,0,0,0,0,1,0,0,0,0,0,1,0,0,0,0,0,1,0,0,0,0,0,1,0,0,0,2,3,3,3,3,3,-99,3,4,3,2,3,2,6,6,6,9,4,3,1,1,1,7,2,"anxiety",1,0
"233",192,1,NA,1,NA,NA,2,30,0,0,0,0,1,0,1,0,0,20,0,0,1,0,1,0,0,1,1,0,0,0,0,1,1,0,1,0,0,0,1,0,1,0,0,1,0,0,0,0,2,3,4,3,3,1,3,3,6,3,3,3,2,6,6,6,9,2,2,1,1,3,7,1,"anxiety",1,0
"234",264,0,NA,1,NA,NA,2,23,0,1,0,0,0,0,0,0,0,20,0,1,0,0,1,0,0,1,0,0,0,0,0,0,1,0,1,0,0,1,1,0,1,0,0,1,0,0,0,0,3,1,3,3,3,3,3,3,3,3,3,1,1,6,7,7,9,1,3,2,2,4,8,2,"anxiety",1,0
"235",392,0,NA,1,NA,NA,2,22,0,1,0,0,0,0,0,0,0,20,0,0,1,0,0,0,0,0,1,0,0,0,0,0,1,0,0,0,0,0,0,0,1,0,0,1,0,0,0,0,3,3,3,3,2,3,3,3,6,3,3,1,2,4,2,7,1,6,3,1,3,2,5,2,"anxiety",1,0
"236",431,1,NA,1,NA,NA,2,30,0,0,0,0,1,0,1,0,0,20,0,0,1,0,1,0,0,1,1,0,0,0,0,1,1,0,1,0,0,0,1,0,1,0,0,1,0,0,0,0,2,3,4,3,3,1,3,3,6,3,3,3,2,6,6,6,9,2,2,1,1,3,7,1,"anxiety",1,0
"237",159,0,NA,1,NA,NA,2,33,0,1,0,0,0,0,0,0,0,25,0,0,1,0,1,0,0,1,1,0,0,0,0,1,1,0,1,0,0,0,1,0,1,0,0,1,1,0,0,0,2,2,3,3,3,2,3,3,3,3,3,2,1,2,2,3,9,1,2,2,2,4,6,2,"anxiety",1,0
"238",35,1,NA,1,NA,2,NA,34,1,0,0,0,0,0,0,1,0,29,0,0,0,1,0,0,1,0,0,0,0,0,0,0,0,0,1,0,0,0,0,1,0,0,0,0,0,0,1,0,3,2,5,3,4,3,3,3,3,3,3,2,1,7,7,7,9,5,3,1,4,1,4,2,"anxiety",1,0
"239",124,1,NA,1,NA,2,NA,34,1,0,0,0,0,0,0,1,0,29,0,0,0,1,0,0,1,0,0,0,0,0,0,0,0,0,1,0,0,0,0,1,0,0,0,0,0,0,1,0,3,2,5,3,4,3,3,3,3,3,3,2,1,7,7,7,9,5,3,1,4,1,4,2,"anxiety",1,0
"240",146,1,NA,1,NA,2,NA,37,0,1,0,0,0,0,0,0,0,30,0,1,0,0,0,0,0,1,0,0,0,0,0,0,1,0,0,0,0,0,0,0,1,0,0,1,0,0,0,0,3,3,2,3,3,3,3,3,3,3,2,2,1,2,7,7,8,2,1,1,1,1,8,2,"anxiety",1,0
"241",377,0,NA,1,NA,NA,2,24,0,0,0,0,1,0,0,0,0,30,0,0,1,0,0,0,0,1,0,0,0,0,0,0,1,0,0,0,0,0,1,0,0,0,0,1,0,0,0,0,1,2,3,1,3,3,3,3,4,3,2,3,1,3,3,3,9,2,2,1,3,2,7,2,"anxiety",1,0
"242",56,0,NA,1,NA,NA,2,28,0,0,0,1,1,0,0,0,1,31,0,1,1,0,0,0,0,1,0,0,0,0,0,0,1,0,0,0,0,0,1,0,1,0,0,1,0,0,0,0,1,2,2,3,2,3,3,3,4,3,2,1,2,6,6,6,9,1,2,3,2,2,8,2,"anxiety",1,0
"243",41,0,NA,1,NA,NA,2,NA,0,0,0,0,1,0,0,0,1,34,0,0,1,0,0,0,0,1,1,0,1,0,0,0,1,0,0,0,0,0,1,0,1,0,0,1,0,0,0,0,3,3,4,3,2,2,3,3,4,3,3,1,1,3,3,4,9,1,3,2,2,3,7,2,"anxiety",1,0
"244",191,0,NA,1,NA,2,NA,25,0,1,0,0,0,0,0,0,0,34,0,0,1,0,0,0,0,1,0,0,0,0,0,0,0,0,1,0,0,0,0,0,1,0,0,1,0,0,0,0,3,3,3,3,3,3,3,3,4,3,2,2,2,3,4,2,5,3,3,-99,2,4,7,2,"anxiety",1,0
"245",233,0,NA,1,NA,2,NA,25,0,1,0,0,0,0,0,0,0,34,0,0,1,0,0,0,0,1,0,0,0,0,0,0,0,0,1,0,0,0,0,0,1,0,0,1,0,0,0,0,3,3,3,3,3,3,3,3,4,3,2,2,2,3,4,2,5,3,3,-99,2,4,7,2,"anxiety",1,0
"246",9,0,NA,1,NA,NA,2,26,0,0,0,0,0,0,0,0,1,35,0,0,1,0,0,0,0,1,0,0,0,0,0,0,1,0,0,0,0,0,0,0,1,0,0,1,0,0,0,0,3,2,3,3,3,3,3,3,4,3,2,2,2,3,4,3,9,2,2,1,1,1,8,2,"anxiety",1,0
"247",36,0,NA,1,NA,NA,2,23,0,1,0,1,0,1,0,0,0,35,0,1,1,0,0,0,0,1,1,0,0,0,0,0,1,0,0,0,0,0,1,0,1,0,0,1,0,0,0,0,2,2,3,3,3,2,3,2,6,3,3,1,1,5,3,2,9,4,2,1,1,5,7,3,"anxiety",1,0
"248",355,0,NA,1,NA,NA,2,23,0,1,0,1,0,1,0,0,0,35,0,1,1,0,0,0,0,1,1,0,0,0,0,0,1,0,0,0,0,0,1,0,1,0,0,1,0,0,0,0,2,2,3,3,3,2,3,2,6,3,3,1,1,5,3,2,9,4,2,1,1,5,7,3,"anxiety",1,0
"249",432,0,NA,1,NA,NA,2,25,0,0,1,0,0,0,0,0,0,35,0,0,1,0,1,0,0,1,1,0,0,0,0,1,1,0,1,0,0,0,1,0,1,0,0,0,0,0,0,1,2,2,3,3,3,3,3,3,6,3,2,2,2,6,3,3,9,3,2,2,1,2,7,2,"anxiety",1,0
"250",204,1,NA,1,NA,NA,2,47,0,1,0,0,0,0,1,1,0,38,0,1,1,0,1,0,0,1,1,0,0,0,0,0,1,0,1,0,0,0,1,0,1,0,0,1,0,0,0,0,3,1,4,3,3,3,3,3,4,3,3,2,1,6,3,4,9,4,4,1,2,1,7,2,"anxiety",1,0
"251",8,0,NA,1,NA,2,NA,57,0,0,0,0,1,0,0,0,0,39,0,0,1,0,0,0,0,0,1,0,0,0,0,0,1,0,0,0,0,0,0,0,1,0,0,1,0,0,0,0,2,2,4,3,3,3,2,3,4,4,3,2,2,2,1,3,1,3,3,1,2,2,5,2,"anxiety",1,0
"252",402,1,NA,1,NA,NA,2,40,0,1,0,0,0,0,0,0,0,39,0,0,1,0,0,0,0,1,0,0,1,0,0,0,1,0,0,0,0,0,0,1,1,0,0,1,0,0,0,0,3,3,4,1,3,4,1,3,4,3,3,2,1,5,7,6,5,6,3,2,2,2,6,2,"anxiety",1,0
"253",403,0,NA,1,NA,2,NA,57,0,0,0,0,1,0,0,0,0,39,0,0,1,0,0,0,0,0,1,0,0,0,0,0,1,0,0,0,0,0,0,0,1,0,0,1,0,0,0,0,2,2,4,3,3,3,2,3,4,4,3,2,2,2,1,3,1,3,3,1,2,2,5,2,"anxiety",1,0
"254",436,1,NA,1,NA,NA,2,40,0,1,0,0,0,0,0,0,0,39,0,0,1,0,0,0,0,1,0,0,1,0,0,0,1,0,0,0,0,0,0,1,1,0,0,1,0,0,0,0,3,3,4,1,3,4,1,3,4,3,3,2,1,5,7,6,5,6,3,2,2,2,8,2,"anxiety",1,0
"255",69,0,NA,1,NA,NA,2,22,0,1,1,0,0,0,0,0,0,40,0,0,1,0,1,0,0,1,0,0,0,0,0,0,1,0,1,0,0,0,1,0,1,0,0,1,0,0,0,0,3,3,4,3,3,2,3,3,4,3,2,1,2,6,7,7,7,4,2,2,4,2,8,2,"anxiety",1,0
"256",247,0,NA,1,NA,NA,2,22,0,1,1,0,0,0,0,0,0,40,0,0,1,0,1,0,0,1,0,0,0,0,0,0,1,0,1,0,0,0,1,0,1,0,0,1,0,0,0,0,3,3,4,3,3,2,3,3,4,3,2,1,2,6,7,7,7,4,2,2,4,2,8,2,"anxiety",1,0
"257",255,0,NA,1,NA,2,NA,22,0,1,0,0,0,0,0,0,0,40,0,1,1,0,0,0,0,1,0,0,1,0,0,1,1,0,0,0,0,0,1,0,1,0,0,1,0,0,0,0,4,2,2,1,2,3,2,3,3,3,4,1,1,6,6,6,9,2,2,3,1,3,7,2,"anxiety",1,0
"258",288,0,NA,1,NA,2,NA,24,0,1,0,0,0,0,0,1,0,40,0,0,1,0,1,0,0,1,0,0,0,0,0,1,1,0,0,0,0,0,0,0,1,0,0,1,0,0,0,0,2,2,3,3,3,2,3,3,6,3,2,2,1,4,4,3,9,1,2,1,1,2,8,2,"anxiety",1,0
"259",323,0,NA,1,NA,2,NA,24,0,1,0,0,0,0,0,1,0,40,0,0,1,0,1,0,0,1,0,0,0,0,0,1,1,0,0,0,0,0,0,0,1,0,0,1,0,0,0,0,2,2,3,3,3,2,3,3,6,3,2,2,1,4,4,3,9,1,2,1,1,2,8,2,"anxiety",1,0
"260",373,0,NA,1,NA,NA,2,39,0,0,0,0,1,0,0,0,0,40,0,0,1,0,0,0,0,0,1,0,0,0,0,1,0,0,0,0,0,0,0,0,1,0,0,1,0,0,0,0,1,2,3,3,3,3,3,4,2,3,4,2,1,3,5,2,9,3,3,1,2,3,8,2,"anxiety",1,0
"261",384,0,NA,1,NA,NA,2,24,0,1,0,0,0,0,0,0,0,40,0,0,1,0,0,0,0,1,0,0,0,0,0,0,0,0,1,0,0,0,0,0,1,0,0,1,0,0,0,0,3,2,4,1,2,3,2,1,4,3,4,1,1,3,3,2,7,2,3,1,2,3,7,2,"anxiety",1,0
"262",42,0,NA,1,NA,2,NA,32,0,0,1,0,0,0,0,0,0,44,0,1,1,0,0,0,0,1,0,0,0,0,0,0,1,0,1,0,0,0,0,0,1,0,0,1,0,0,0,0,2,2,3,3,3,2,3,2,6,3,4,2,1,2,2,3,8,1,2,1,4,4,8,3,"anxiety",1,0
"263",328,0,NA,1,NA,2,NA,32,0,0,1,0,0,0,0,0,0,44,0,1,1,0,0,0,0,1,0,0,0,0,0,0,1,0,1,0,0,0,0,0,1,0,0,1,0,0,0,0,2,2,3,3,3,2,3,2,6,3,4,2,1,2,2,3,8,1,2,1,4,4,8,3,"anxiety",1,0
"264",19,0,NA,1,NA,2,NA,54,0,0,0,0,1,1,0,0,0,50,0,0,1,0,1,0,0,1,1,0,1,0,0,1,1,0,1,0,0,0,1,0,1,0,0,1,1,0,0,0,3,1,2,1,3,2,3,3,4,3,4,2,1,3,4,3,9,1,2,1,1,2,7,3,"anxiety",1,0
"265",25,0,NA,1,NA,2,NA,28,0,0,0,0,1,0,0,0,0,50,0,0,1,0,0,0,0,1,0,0,0,0,0,0,1,0,0,0,0,0,0,0,1,0,0,1,0,0,0,0,3,2,4,1,2,2,3,2,4,3,3,2,1,3,2,4,9,3,3,1,1,1,8,2,"anxiety",1,0
"266",57,0,NA,1,NA,NA,2,24,1,0,0,1,0,0,0,0,1,50,0,0,1,0,1,0,0,1,0,0,1,0,0,0,1,0,1,0,0,0,1,0,1,0,0,1,1,0,0,0,1,2,4,3,3,2,3,3,4,3,2,2,1,3,3,5,7,1,4,1,1,1,8,2,"anxiety",1,0
"267",67,0,NA,1,NA,2,NA,57,0,1,0,0,0,0,0,0,0,50,0,0,1,0,0,0,0,1,0,0,0,0,0,1,1,0,0,0,0,0,1,0,1,0,0,1,0,0,0,0,3,2,3,3,3,3,3,3,3,-99,3,2,1,3,6,3,6,1,2,2,1,2,7,2,"anxiety",1,0
"268",125,0,NA,1,NA,NA,2,NA,0,0,0,0,0,0,1,0,0,50,0,0,1,0,1,0,0,1,0,0,0,0,0,0,1,0,0,0,0,0,0,0,1,0,0,1,0,0,0,0,3,3,4,3,3,3,3,3,4,3,2,2,1,6,1,5,5,4,2,1,1,4,6,1,"anxiety",1,0
"269",220,0,NA,1,NA,2,NA,24,0,0,0,0,0,0,1,0,0,50,0,1,1,0,0,0,0,1,1,0,0,0,0,0,1,0,1,0,0,1,1,0,1,0,0,1,1,0,0,0,2,1,4,1,3,3,3,3,3,3,1,4,2,7,7,7,2,4,4,4,4,4,7,2,"anxiety",1,0
"270",235,0,NA,1,NA,NA,2,24,1,0,1,1,0,0,0,0,1,50,0,0,1,0,1,0,0,1,0,0,1,0,0,0,1,0,1,0,0,0,1,0,1,0,0,1,1,0,0,0,1,2,4,3,3,2,3,3,4,3,2,2,1,3,3,5,7,1,4,1,1,1,8,2,"anxiety",1,0
"271",352,1,NA,1,NA,NA,2,45,1,0,0,0,0,0,0,0,0,15,0,0,1,0,0,0,0,0,1,0,0,0,0,0,1,0,0,0,0,0,0,0,1,0,1,0,0,0,0,0,1,2,2,3,3,3,3,1,3,3,3,2,2,5,5,1,5,1,1,1,4,1,3,2,"anxiety",1,0
"272",406,0,NA,1,NA,2,NA,24,0,0,0,0,0,0,1,0,0,15,0,1,1,0,0,0,0,1,1,0,0,0,0,0,1,0,1,0,0,1,1,0,1,0,0,1,1,0,0,0,2,1,4,1,3,3,3,3,3,3,1,4,2,7,7,7,2,4,4,4,4,4,7,2,"anxiety",1,0
"273",83,0,NA,1,NA,2,NA,24,0,0,0,0,1,0,0,0,0,19,0,0,1,0,1,0,0,1,0,0,0,0,0,0,1,0,1,0,0,0,1,0,1,0,0,1,0,0,0,0,2,2,3,2,3,2,3,3,3,3,3,2,2,3,2,3,9,1,1,1,2,4,8,2,"anxiety",1,0
"274",203,0,NA,1,NA,2,NA,24,0,0,0,0,1,0,0,0,0,19,0,0,1,0,1,0,0,1,0,0,0,0,0,0,1,0,1,0,0,0,1,0,1,0,0,1,0,0,0,0,2,2,3,2,3,2,3,3,3,3,3,2,2,3,2,3,9,1,1,1,2,4,8,2,"anxiety",1,0
"275",92,0,NA,1,NA,NA,2,26,0,1,0,0,0,0,1,0,0,20,0,1,1,0,0,0,0,1,0,0,0,0,0,0,1,0,0,0,0,1,1,0,1,0,0,1,1,0,0,0,3,2,4,2,3,3,3,2,3,3,3,3,2,6,6,6,9,2,1,1,1,2,6,2,"anxiety",1,0
"276",168,0,NA,1,NA,NA,2,22,0,1,0,0,1,0,0,1,0,20,0,0,1,0,1,0,0,1,1,0,1,0,0,0,1,0,1,0,0,1,1,0,1,0,0,1,1,0,0,0,3,2,3,1,3,3,4,3,3,3,2,1,2,5,5,1,9,4,3,1,2,2,8,3,"anxiety",1,0
"277",306,0,NA,1,NA,NA,2,26,0,1,0,0,0,0,0,0,0,22,0,0,1,0,0,0,0,1,0,0,0,0,0,0,1,0,0,0,0,0,1,0,0,0,0,0,1,0,0,0,1,4,4,1,3,2,3,1,4,3,2,2,2,7,7,4,5,5,5,4,4,4,6,2,"anxiety",1,0
"278",367,0,NA,1,NA,NA,2,26,0,1,0,0,0,0,0,0,0,29,0,0,1,0,0,0,0,1,0,0,0,0,0,0,1,0,0,0,0,0,1,0,0,0,0,0,1,0,0,0,1,4,4,1,3,2,3,1,4,3,2,2,2,7,7,4,5,5,5,4,4,4,6,2,"anxiety",1,0
"279",370,0,NA,1,NA,NA,2,22,0,1,0,0,1,0,0,1,0,29,0,0,1,0,1,0,0,1,1,0,1,0,0,0,1,0,1,0,0,1,1,0,1,0,0,1,1,0,0,0,3,2,3,1,3,3,4,3,3,3,2,1,2,5,5,1,9,4,3,1,2,2,8,3,"anxiety",1,0
"280",379,1,NA,1,NA,2,NA,42,0,0,0,0,0,0,0,0,1,29,0,0,1,0,0,0,0,0,1,0,0,0,0,0,1,0,0,0,0,0,0,0,1,0,0,0,1,0,0,0,3,3,3,3,4,3,3,3,3,3,6,1,2,6,6,7,9,1,1,1,3,1,2,2,"anxiety",1,0
"281",31,0,NA,1,NA,NA,2,24,0,1,0,0,1,0,0,0,0,29,0,1,1,0,0,0,0,1,0,0,0,0,0,0,1,0,0,0,0,0,1,0,0,0,0,1,0,0,0,0,3,2,3,3,3,3,3,2,2,3,3,3,2,7,3,6,9,3,1,2,2,4,6,2,"anxiety",1,0
"282",153,0,NA,1,NA,NA,2,32,-99,-99,0,-99,NA,-99,-99,-99,-99,70,0,0,1,0,1,0,0,1,0,0,0,0,0,0,1,0,0,0,0,0,0,0,1,0,0,1,0,0,0,0,3,2,3,3,3,2,2,3,4,3,3,2,2,3,5,4,9,1,3,2,1,2,8,2,"anxiety",1,0
"283",358,0,NA,1,NA,NA,2,NA,1,0,0,0,0,1,0,0,0,29,0,0,1,0,0,0,0,1,0,0,0,0,0,1,1,0,0,0,0,0,1,0,1,0,0,1,0,0,0,0,2,2,2,3,3,2,3,4,3,1,2,1,1,1,4,6,9,4,4,2,4,4,8,2,"anxiety",1,0
"284",292,0,NA,1,NA,NA,2,32,0,0,0,0,0,0,0,0,1,80,0,1,0,0,1,0,0,1,1,0,0,0,0,0,1,0,0,0,0,0,1,0,1,0,0,1,0,0,0,0,3,1,4,3,3,2,3,2,3,3,3,3,2,7,6,7,9,6,1,2,3,4,5,2,"anxiety",1,0
"285",136,1,NA,1,NA,2,NA,25,0,0,0,0,1,0,0,0,0,29,0,1,1,0,0,0,0,1,1,0,0,0,0,1,1,0,0,0,0,1,1,0,1,0,0,1,1,0,1,0,1,3,4,3,2,3,2,3,3,3,5,2,1,5,1,5,2,3,2,1,2,3,5,2,"anxiety",1,0
"286",73,0,NA,1,NA,NA,2,23,0,1,0,0,0,0,0,0,0,29,0,0,1,0,0,0,0,0,0,0,0,1,0,0,0,0,1,0,0,0,0,0,1,0,0,1,0,0,0,0,2,1,2,3,3,1,3,3,3,2,3,1,1,6,6,6,9,6,4,4,4,4,7,2,"anxiety",1,0
"287",138,0,NA,1,NA,NA,2,23,0,0,0,0,1,1,0,0,0,29,0,0,1,0,0,0,0,1,1,0,1,0,0,1,1,0,0,0,0,0,1,0,1,0,0,1,0,0,0,0,2,2,4,1,3,4,3,3,4,3,2,4,2,3,4,2,9,3,4,1,1,4,7,2,"anxiety",1,0
"288",313,0,NA,1,NA,NA,2,23,0,0,0,0,0,1,0,0,0,29,0,0,1,0,1,0,0,1,0,0,0,0,0,1,1,0,0,0,0,0,1,0,1,0,0,1,0,0,0,0,3,3,2,1,3,2,3,3,4,2,3,1,1,3,3,2,9,1,1,1,1,2,8,3,"anxiety",1,0
"289",372,1,NA,1,NA,NA,2,45,0,1,0,0,0,0,0,0,0,29,0,0,0,0,1,0,0,0,1,0,0,0,0,0,1,0,0,0,0,0,0,0,1,0,0,0,1,0,0,0,1,2,3,3,3,3,3,3,3,3,2,3,1,1,4,4,3,6,1,1,1,1,2,2,"anxiety",1,0
"290",163,0,NA,1,NA,NA,2,36,0,0,0,0,1,0,0,0,0,29,0,1,0,0,0,0,0,0,1,0,0,0,0,0,1,0,0,0,0,0,1,0,0,0,0,1,0,0,0,0,3,3,4,1,2,2,3,3,4,3,2,3,1,6,2,5,6,1,4,3,1,1,8,2,"anxiety",1,0
"291",361,1,NA,1,NA,2,NA,65,0,1,0,0,1,0,0,0,0,94,0,0,1,0,0,0,0,0,1,0,0,0,0,0,1,0,0,0,0,0,0,0,1,0,0,1,1,0,0,0,3,3,4,2,2,2,4,3,2,3,6,3,3,3,3,1,3,6,4,1,2,3,3,1,"anxiety",1,0
"292",224,1,NA,1,NA,NA,2,25,0,1,0,0,0,0,0,0,0,NA,0,0,1,0,0,0,0,1,0,0,0,0,0,0,1,0,0,0,0,0,0,0,1,0,0,1,0,0,0,0,2,3,4,3,3,3,3,3,4,3,2,3,2,5,7,7,4,6,1,1,2,1,6,2,"anxiety",1,0
"293",332,0,NA,1,NA,2,NA,24,0,0,0,0,0,1,0,0,0,NA,0,0,1,0,0,0,0,0,0,0,1,0,0,0,1,0,0,0,0,0,0,0,1,0,0,1,0,0,0,0,2,2,4,3,3,3,3,3,4,3,2,1,1,3,4,4,9,1,3,2,2,2,8,2,"anxiety",1,0
"294",342,1,NA,1,NA,2,NA,34,-99,-99,0,-99,NA,-99,-99,-99,-99,NA,0,0,1,0,0,0,0,1,0,0,0,0,0,0,1,0,0,0,0,0,1,0,0,0,0,1,0,0,0,0,2,2,3,3,5,3,5,3,4,3,3,3,2,7,7,2,9,5,1,1,1,2,8,2,"anxiety",1,0
"295",365,0,NA,1,NA,2,NA,23,-99,-99,0,-99,NA,-99,-99,-99,-99,NA,0,0,1,0,0,0,0,1,0,0,0,0,0,0,1,0,1,0,0,0,1,0,1,0,0,1,0,0,0,0,3,2,2,3,3,3,3,3,4,3,3,2,1,4,3,3,4,1,2,2,2,2,8,2,"anxiety",1,0
"296",21,0,NA,NA,1,NA,1,28,0,0,0,1,0,0,0,0,0,0,0,0,1,0,0,0,0,1,0,0,0,0,0,0,1,0,0,0,0,0,1,0,0,0,0,1,0,0,0,0,3,2,4,3,1,1,2,1,4,3,2,1,2,6,2,5,3,2,2,4,1,2,8,2,"calm",0,0
"297",61,1,NA,NA,1,1,NA,44,0,0,0,1,0,0,0,0,0,8,0,1,0,0,0,0,0,1,0,0,0,0,0,0,1,0,0,0,0,0,1,0,0,0,0,1,0,0,0,0,1,2,4,2,3,2,2,2,2,1,1,2,2,3,1,1,5,3,5,1,1,1,8,-99,"calm",0,0
"298",155,1,NA,NA,1,1,NA,42,0,1,0,0,0,0,0,0,0,9,0,1,1,0,0,0,0,1,1,0,1,0,0,0,1,0,0,0,0,0,0,0,1,0,0,1,0,0,0,0,2,3,3,3,3,2,3,2,4,3,3,2,2,6,7,7,1,4,4,2,2,3,6,2,"calm",0,0
"299",350,1,NA,NA,1,1,NA,22,0,1,0,0,0,0,0,0,0,9,0,1,1,0,0,0,0,1,1,0,1,0,0,0,1,0,0,0,0,0,0,0,1,0,0,1,0,0,0,0,2,3,3,3,3,2,3,2,4,3,3,2,2,6,7,7,1,4,4,2,2,3,6,2,"calm",0,0
"300",46,0,NA,NA,1,NA,1,23,0,1,0,0,0,0,1,1,0,70,0,1,1,0,0,0,0,1,1,0,1,0,0,1,1,0,1,0,0,0,1,0,1,0,0,0,1,0,0,0,1,3,3,2,3,2,3,2,4,3,4,1,1,5,3,5,4,2,3,1,1,2,7,2,"calm",0,0
"301",196,0,NA,NA,1,1,NA,40,0,1,0,0,0,0,0,0,0,70,0,1,1,0,0,0,0,1,0,0,0,0,0,0,1,0,0,0,0,0,1,0,0,0,0,1,1,0,0,0,2,3,4,3,3,3,3,3,4,3,2,3,2,6,6,6,9,4,3,1,1,1,7,2,"calm",0,0
"302",414,0,NA,NA,1,NA,1,23,0,1,0,0,0,0,1,1,0,71,0,1,1,0,0,0,0,1,1,0,1,0,0,1,1,0,1,0,0,0,1,0,1,0,0,0,1,0,0,0,1,3,3,2,3,2,3,2,4,3,4,1,1,5,3,5,4,2,3,1,1,2,7,2,"calm",0,0
"303",106,0,NA,NA,1,NA,1,33,0,1,0,0,0,0,0,0,0,72,0,0,1,0,0,0,0,0,1,0,0,0,0,0,1,0,0,0,0,0,0,0,1,0,0,0,1,0,0,0,1,2,4,2,3,3,3,3,6,3,2,2,1,6,7,7,9,3,3,1,1,1,8,2,"calm",0,0
"304",100,0,NA,NA,1,1,NA,23,0,0,0,1,1,0,0,0,0,72,0,1,1,0,1,0,0,1,0,0,0,0,0,0,1,0,1,0,0,1,1,0,1,0,0,1,0,0,0,0,3,3,4,3,2,3,3,3,6,3,3,1,1,5,4,5,9,2,3,1,2,2,8,2,"calm",0,0
"305",137,0,NA,NA,1,NA,1,24,0,0,0,1,0,0,0,1,0,74,0,0,1,0,0,0,0,0,1,0,0,0,0,0,0,0,1,0,0,0,0,0,1,0,0,1,1,0,0,0,2,3,4,3,3,3,3,3,3,2,3,1,2,6,7,7,9,4,3,3,4,4,8,2,"calm",0,0
"306",395,0,NA,NA,1,1,NA,22,0,0,0,0,1,0,0,0,0,77,0,0,1,0,0,0,0,1,0,0,0,0,0,0,1,0,1,0,0,1,1,0,1,0,0,1,0,0,0,0,2,2,2,3,3,3,3,3,4,3,4,2,2,4,3,2,4,1,1,2,3,3,5,2,"calm",0,0
"307",443,0,NA,NA,1,1,NA,22,0,0,0,0,1,0,0,0,0,80,0,0,1,0,0,0,0,1,0,0,0,0,0,0,1,0,1,0,0,1,1,0,1,0,0,1,0,0,0,0,2,2,2,3,3,3,3,3,4,3,4,2,2,4,3,2,4,1,1,2,3,3,5,2,"calm",0,0
"308",188,0,NA,NA,1,NA,1,22,0,1,0,0,1,1,0,0,0,15,0,0,1,0,1,0,0,0,1,0,1,1,0,1,1,0,0,0,0,0,1,0,1,0,0,1,1,0,0,0,3,2,3,1,3,3,3,3,4,3,3,2,1,3,3,5,7,1,4,2,2,2,7,2,"calm",0,0
"309",351,0,NA,NA,1,NA,1,22,0,1,0,0,1,1,0,0,0,80,0,0,1,0,1,0,0,0,1,0,1,1,0,1,1,0,0,0,0,0,1,0,1,0,0,1,1,0,0,0,3,2,3,1,3,3,3,3,4,3,3,2,1,3,3,5,7,1,4,2,2,2,7,2,"calm",0,0
"310",417,0,NA,NA,1,NA,1,23,0,1,0,0,0,0,0,0,0,81,0,0,0,0,1,0,0,1,0,0,0,0,0,0,1,0,1,0,0,0,1,0,1,0,0,1,1,0,0,0,3,4,3,3,2,2,3,3,6,3,4,4,1,4,2,5,9,1,2,2,2,2,8,2,"calm",0,0
"311",23,0,NA,NA,1,NA,1,22,0,1,0,0,0,0,0,0,0,81,0,0,1,0,1,0,0,1,1,0,0,0,0,1,1,0,1,0,0,0,1,0,1,0,0,1,1,0,1,0,2,1,4,3,3,3,3,3,3,3,3,1,2,3,2,4,1,2,3,1,2,2,7,3,"calm",0,0
"312",47,0,NA,NA,1,NA,1,23,0,0,1,0,1,1,0,0,0,81,0,0,1,0,1,0,0,1,1,0,0,0,0,0,1,0,1,0,0,0,1,0,1,0,0,1,0,0,0,0,3,3,4,1,3,3,3,3,4,3,3,1,1,6,6,6,9,4,3,2,1,2,7,2,"calm",0,0
"313",334,1,NA,NA,1,1,NA,23,0,0,0,0,0,0,0,1,0,81,0,0,1,0,1,0,0,1,1,0,1,0,0,1,1,0,1,0,0,1,1,0,1,1,0,1,1,0,1,0,2,3,4,1,3,3,3,3,4,3,3,1,2,4,2,4,9,1,3,1,2,2,7,2,"calm",0,0
"314",388,0,NA,NA,1,NA,1,23,0,0,1,0,1,1,0,0,0,81,0,0,1,0,1,0,0,1,1,0,0,0,0,0,1,0,1,0,0,0,1,0,1,0,0,1,0,0,0,0,3,3,4,1,3,3,3,3,4,3,3,1,1,6,6,6,9,4,3,2,1,2,7,2,"calm",0,0
"315",160,0,NA,NA,1,NA,1,24,0,1,0,0,0,0,0,0,0,30,0,0,1,0,1,0,0,0,1,0,0,1,0,1,1,0,0,0,0,1,1,0,1,0,0,1,0,0,0,0,1,2,3,1,2,2,2,3,3,3,3,2,2,3,3,4,5,4,2,2,2,4,7,2,"calm",0,0
"316",194,1,NA,NA,1,NA,1,49,0,0,0,0,1,0,1,0,0,81,0,0,1,0,0,0,0,1,0,0,0,0,0,0,1,0,1,0,0,1,1,0,1,0,0,1,0,0,0,0,3,3,3,3,3,3,3,3,4,3,2,2,2,6,6,5,1,1,3,2,3,1,7,2,"calm",0,0
"317",221,0,NA,NA,1,NA,1,23,0,1,0,0,0,0,0,0,0,81,0,0,1,0,1,0,0,0,1,0,0,1,0,1,1,0,0,0,0,1,1,0,1,0,0,1,0,0,0,0,1,2,3,1,2,2,2,3,3,3,3,2,2,3,3,4,5,4,2,2,2,4,7,2,"calm",0,0
"318",225,1,NA,NA,1,NA,1,25,0,0,0,0,1,0,1,0,0,84,0,0,1,0,0,0,0,1,0,0,0,0,0,0,1,0,1,0,0,1,1,0,1,0,0,1,0,0,0,0,3,3,3,3,3,3,3,3,4,3,2,2,2,6,6,5,1,1,3,2,3,1,7,2,"calm",0,0
"319",346,0,NA,NA,1,NA,1,27,0,0,0,0,1,0,0,0,0,91,0,1,1,0,1,0,0,1,0,0,0,0,1,0,1,0,0,0,0,1,1,0,1,0,0,1,0,0,0,0,1,1,3,3,3,3,3,3,6,3,2,1,2,3,1,4,5,4,4,2,1,2,8,2,"calm",0,0
"320",70,0,NA,NA,1,NA,1,23,0,1,0,0,0,0,0,0,0,40,0,0,1,0,0,0,0,1,0,0,0,0,0,0,1,0,0,0,0,0,1,0,1,0,0,1,1,0,0,0,5,3,4,1,3,3,3,3,4,3,2,2,2,6,4,3,9,1,3,2,2,2,7,2,"calm",0,0
"321",84,1,NA,NA,1,NA,1,25,0,0,0,0,1,0,0,0,1,40,0,0,1,0,0,0,0,0,1,0,0,0,0,0,1,0,0,0,0,0,1,0,0,0,0,0,1,0,0,0,2,2,4,2,3,2,2,2,3,3,2,3,1,6,1,3,9,6,1,2,3,2,7,2,"calm",0,0
"322",117,0,NA,NA,1,NA,1,29,0,1,0,0,0,0,0,0,0,40,0,0,1,0,0,0,0,1,0,0,0,0,0,0,1,0,0,0,0,0,1,0,1,0,0,1,1,0,0,0,5,3,4,1,3,3,3,3,4,3,2,2,2,6,4,3,9,1,3,2,2,2,7,2,"calm",0,0
"323",312,1,NA,NA,1,NA,1,22,1,0,0,0,0,0,0,0,0,40,0,0,1,0,0,0,0,0,0,0,0,1,0,0,1,0,0,0,0,0,0,0,1,0,0,0,1,0,0,0,3,3,3,2,3,2,3,3,4,1,3,3,2,3,7,7,9,4,3,4,4,2,6,1,"calm",0,0
"324",325,0,NA,NA,1,NA,1,24,1,0,0,0,0,0,0,0,0,40,0,0,1,0,0,0,0,1,0,0,0,1,0,0,1,0,1,0,0,0,1,0,1,0,0,1,0,0,0,1,2,2,2,1,2,4,3,3,4,3,3,2,1,2,7,7,8,1,2,1,1,1,7,4,"calm",0,0
"325",368,0,NA,NA,1,NA,1,38,0,0,1,0,0,0,0,0,0,44,0,0,1,0,0,0,0,1,1,0,0,0,0,0,1,0,1,0,0,0,0,0,1,0,0,1,0,0,0,0,3,3,3,3,2,3,2,3,6,3,1,1,1,3,3,5,9,1,2,1,1,1,7,2,"calm",0,0
"326",205,0,NA,NA,1,1,NA,30,0,1,0,0,0,0,0,0,0,50,0,0,1,0,1,0,0,1,0,0,1,0,1,0,1,0,0,0,0,1,1,0,1,0,0,1,1,0,0,0,2,2,4,2,3,3,3,3,4,1,3,2,2,6,7,7,9,1,1,1,4,4,7,1,"calm",0,0
"327",382,0,NA,NA,1,NA,1,23,0,0,0,0,1,1,1,0,0,55,0,1,1,0,0,0,0,1,0,0,0,0,0,0,1,0,0,0,0,1,1,0,1,0,0,1,0,0,0,0,3,2,4,3,3,2,3,3,4,3,4,2,1,3,3,3,9,2,2,2,3,3,7,2,"calm",0,0
"328",437,0,NA,NA,1,NA,1,23,0,0,0,0,1,1,1,0,0,55,0,1,1,0,0,0,0,1,0,0,0,0,0,0,1,0,0,0,0,1,1,0,1,0,0,1,0,0,0,0,3,2,4,3,3,2,3,3,4,3,4,2,1,3,3,3,9,2,2,2,3,3,7,2,"calm",0,0
"329",210,0,NA,NA,1,1,NA,23,1,0,0,0,0,0,0,0,0,59,0,0,1,0,0,0,0,0,0,0,0,1,0,1,1,0,1,0,0,0,1,0,1,0,0,1,0,0,0,0,2,3,4,1,2,1,3,4,3,1,3,1,1,6,7,7,9,4,3,1,4,4,8,2,"calm",0,0
"330",433,0,NA,NA,1,1,NA,23,1,0,0,0,0,0,0,0,0,59,0,0,1,0,0,0,0,0,0,0,0,1,0,1,1,0,1,0,0,0,1,0,1,0,0,1,0,0,0,0,2,3,4,1,2,1,3,4,3,1,3,1,1,6,7,7,9,4,3,1,4,4,6,2,"calm",0,0
"331",171,0,NA,NA,1,NA,1,22,0,1,0,0,0,0,0,0,0,60,0,0,1,0,1,0,0,0,1,0,0,0,0,0,1,0,1,0,0,0,1,0,1,0,0,1,0,0,0,0,3,2,2,3,3,1,3,3,4,3,3,1,1,6,4,3,5,2,1,2,1,2,7,3,"calm",0,0
"332",189,0,NA,NA,1,NA,1,25,0,1,0,0,0,0,0,0,0,60,0,0,1,0,0,0,0,1,0,0,0,0,0,0,1,0,0,0,0,0,0,0,1,0,0,1,0,0,0,0,5,1,4,2,3,3,3,3,3,1,3,4,1,5,4,5,5,6,4,1,2,2,6,1,"calm",0,0
"333",218,0,NA,NA,1,1,NA,24,0,0,0,0,1,0,0,0,0,60,0,0,1,0,0,0,0,1,0,0,0,0,0,0,1,0,0,0,0,1,1,0,1,0,0,1,1,0,0,0,3,3,2,3,3,3,3,3,4,3,3,3,2,3,3,5,5,2,2,1,1,1,8,2,"calm",0,0
"334",291,0,NA,NA,1,NA,1,24,0,1,0,0,0,0,0,0,0,60,0,1,0,0,0,0,0,1,0,0,0,0,0,1,0,0,0,0,0,0,1,0,0,0,0,1,0,0,0,0,2,1,2,3,2,2,3,3,4,3,3,2,1,4,1,6,4,2,2,4,1,4,7,2,"calm",0,0
"335",154,1,NA,NA,1,1,NA,30,0,1,0,0,0,0,0,0,0,69,0,0,1,0,0,0,0,1,0,0,0,0,0,0,1,0,0,0,0,0,0,0,1,0,0,1,0,0,0,0,2,3,3,3,3,3,3,3,4,3,3,3,2,6,6,6,9,6,1,1,2,2,5,2,"calm",0,0
"336",450,1,NA,NA,1,1,NA,30,0,1,0,0,0,0,0,0,0,69,0,0,1,0,0,0,0,1,0,0,0,0,0,0,1,0,0,0,0,0,0,0,1,0,0,1,0,0,0,0,2,3,3,3,3,3,3,3,4,3,3,3,2,6,6,6,9,6,1,1,2,2,5,2,"calm",0,0
"337",96,1,NA,NA,1,NA,1,45,0,0,0,0,1,0,0,0,0,70,0,0,1,0,0,0,0,1,0,0,0,0,0,0,1,0,1,0,0,0,1,0,1,0,0,1,1,0,0,0,3,2,2,1,2,3,3,3,3,1,3,2,2,3,2,3,9,3,5,1,2,1,8,2,"calm",0,0
"338",98,1,NA,NA,1,NA,1,44,0,0,0,0,1,0,0,0,0,70,0,0,1,0,0,0,0,1,0,0,0,0,0,0,1,0,0,0,0,0,0,0,1,0,0,1,0,0,0,0,2,1,4,3,4,3,3,3,4,3,2,2,2,3,2,2,9,2,4,1,2,1,7,2,"calm",0,0
"339",120,0,NA,NA,1,1,NA,22,0,1,0,0,0,0,0,0,0,70,0,0,1,0,0,0,0,1,0,0,0,0,0,0,0,0,0,1,0,0,0,0,1,0,1,1,0,0,0,0,2,3,3,3,3,3,3,3,4,3,3,1,1,4,3,2,7,2,3,2,2,2,7,2,"calm",0,0
"340",241,0,NA,NA,1,1,NA,23,0,1,0,0,0,0,0,0,0,70,0,1,1,0,0,0,0,1,0,0,0,0,0,1,1,0,0,0,0,1,1,0,1,0,0,1,0,0,0,0,1,2,4,3,4,1,4,1,6,3,2,2,2,6,6,6,1,5,1,3,4,4,7,3,"calm",0,0
"341",374,0,NA,NA,1,1,NA,23,0,1,0,0,0,0,0,0,0,70,0,1,1,0,0,0,0,1,0,0,0,0,0,1,1,0,0,0,0,1,1,0,1,0,0,1,0,0,0,0,1,2,4,3,4,1,4,1,6,3,2,2,2,6,6,6,1,5,1,3,4,4,7,3,"calm",0,0
"342",390,1,NA,NA,1,NA,1,44,0,0,0,0,1,0,0,0,0,70,0,0,1,0,0,0,0,1,0,0,0,0,0,0,1,0,0,0,0,0,0,0,1,0,0,1,0,0,0,0,2,1,4,3,4,3,3,3,4,3,2,2,2,3,2,2,9,2,4,1,2,1,7,2,"calm",0,0
"343",410,1,NA,NA,1,NA,1,45,0,0,0,0,1,0,0,0,0,70,0,0,1,0,0,0,0,1,0,0,0,0,0,0,1,0,1,0,0,0,1,0,1,0,0,1,1,0,0,0,3,2,2,1,2,3,3,3,3,1,3,2,2,3,2,3,9,3,5,1,2,1,8,2,"calm",0,0
"344",316,1,NA,NA,1,NA,1,23,0,0,0,0,0,0,0,0,1,71,0,0,1,0,0,0,0,0,1,0,0,0,0,0,1,0,0,0,0,0,0,0,1,0,0,0,0,0,1,0,2,2,2,3,3,3,3,3,3,3,3,2,2,1,5,1,2,1,1,1,1,1,3,2,"calm",0,0
"345",80,0,NA,NA,1,1,NA,23,0,0,0,0,0,1,0,0,0,73,0,0,1,0,0,0,0,1,0,0,0,0,0,0,1,0,0,0,0,0,0,0,1,0,0,1,0,0,0,0,2,2,3,4,2,3,3,3,4,3,3,3,1,2,2,2,7,1,2,1,1,2,7,3,"calm",0,0
"346",123,0,NA,NA,1,1,NA,23,0,0,0,0,0,1,0,0,0,73,0,0,1,0,0,0,0,1,0,0,0,0,0,0,1,0,0,0,0,0,0,0,1,0,0,1,0,0,0,0,2,2,3,4,2,3,3,3,4,3,3,3,1,2,2,2,7,1,2,1,1,2,5,3,"calm",0,0
"347",145,1,NA,NA,1,1,NA,27,0,1,0,0,1,0,0,0,0,74,0,0,1,0,0,0,0,1,0,0,0,0,0,0,1,0,0,0,0,0,0,0,1,0,0,1,0,0,0,0,2,2,3,3,3,3,3,3,4,3,3,2,2,6,6,6,9,6,4,2,2,2,7,2,"calm",0,0
"348",95,0,NA,NA,1,1,NA,25,1,0,0,1,1,1,0,0,0,75,0,0,1,0,1,0,0,1,1,0,0,0,0,0,1,0,1,0,0,1,1,0,1,0,0,1,0,0,0,0,2,3,4,1,3,2,3,3,6,3,3,3,1,3,7,7,9,1,2,2,3,4,7,2,"calm",0,0
"349",317,0,NA,NA,1,NA,1,25,0,0,0,0,1,0,0,0,0,78,0,1,1,0,1,0,0,1,0,0,0,0,0,0,0,0,1,0,0,1,0,0,1,0,0,1,1,0,0,0,3,2,2,1,2,3,3,3,4,3,3,1,1,6,4,2,9,2,2,4,4,3,7,2,"calm",0,0
"350",217,1,NA,NA,1,NA,1,62,0,1,0,0,0,0,0,0,0,80,0,0,1,0,0,0,0,0,1,0,0,0,0,0,1,0,0,0,0,1,0,0,0,0,0,1,1,0,1,0,1,3,3,2,3,3,3,3,-99,3,5,3,2,7,-99,2,3,1,4,3,3,3,2,2,"calm",0,0
"351",427,0,NA,NA,1,1,NA,60,0,1,0,0,0,0,0,0,0,80,0,0,1,0,0,0,0,1,0,0,0,0,0,0,0,0,1,0,0,1,0,0,0,0,0,0,1,0,0,0,2,3,3,3,3,2,3,2,3,3,4,3,1,3,3,3,1,2,2,1,2,1,6,2,"calm",0,0
"352",448,1,NA,NA,1,1,NA,25,0,1,0,0,0,0,0,0,0,80,0,0,1,0,0,0,0,1,0,0,0,0,0,0,0,0,1,0,0,0,0,0,1,0,0,1,0,0,0,0,2,2,2,3,3,3,4,3,4,3,3,2,1,3,3,2,9,4,3,1,3,1,7,2,"calm",0,0
"353",3,1,NA,NA,1,NA,1,38,0,1,0,0,1,0,0,0,0,81,0,0,1,0,0,0,0,1,0,0,0,0,0,0,1,0,0,0,0,0,0,0,1,0,0,0,1,0,0,0,3,4,5,-99,3,3,3,3,4,3,2,3,1,2,1,5,6,2,1,2,3,1,7,4,"calm",0,0
"354",140,0,NA,NA,1,NA,1,25,0,0,1,0,0,1,0,0,0,81,0,0,1,0,1,0,0,1,0,0,0,0,0,1,1,0,0,0,0,0,1,0,1,0,0,1,0,0,0,0,3,3,3,2,3,3,3,3,6,3,2,3,2,6,2,4,9,2,3,1,1,2,8,2,"calm",0,0
"355",186,1,NA,NA,1,NA,1,26,0,1,0,0,0,0,0,0,0,81,0,0,1,0,0,0,0,1,0,0,0,0,0,0,1,0,0,0,0,0,0,0,1,0,0,1,0,0,0,0,1,3,4,2,3,3,3,3,3,1,1,1,2,7,6,6,3,2,1,1,2,2,5,2,"calm",0,0
"356",149,1,NA,NA,1,NA,1,43,0,0,0,0,1,0,0,0,0,82,0,0,1,0,0,0,0,0,1,0,1,0,0,1,0,0,0,0,0,0,0,0,1,0,0,1,0,0,0,0,1,3,3,3,3,3,3,3,3,3,3,2,2,2,3,2,1,1,3,1,1,1,7,2,"calm",0,0
"357",397,1,NA,NA,1,NA,1,43,0,0,0,0,1,0,0,0,0,82,0,0,1,0,0,0,0,0,1,0,1,0,0,1,0,0,0,0,0,0,0,0,1,0,0,1,0,0,0,0,1,3,3,3,3,3,3,3,3,3,3,2,2,2,3,2,1,1,3,1,1,1,7,2,"calm",0,0
"358",53,1,NA,NA,1,NA,1,29,0,0,0,0,1,0,0,0,0,83,0,1,1,0,0,0,0,0,1,0,0,1,0,0,1,0,1,0,0,0,0,0,1,0,0,0,1,0,0,0,3,3,4,3,2,2,2,2,3,3,3,2,1,5,5,4,7,4,2,3,1,2,5,2,"calm",0,0
"359",222,1,NA,NA,1,NA,1,31,0,0,0,0,1,0,0,0,0,83,0,1,1,0,0,0,0,0,1,0,0,1,0,0,1,0,1,0,0,0,0,0,1,0,0,0,1,0,0,0,3,3,4,3,2,2,2,2,3,3,3,2,1,5,5,4,7,4,2,3,1,2,7,2,"calm",0,0
"360",78,0,NA,NA,1,1,NA,30,0,1,0,0,0,0,0,0,0,86,0,0,1,0,0,0,0,1,0,0,0,0,0,0,1,0,0,0,0,0,0,0,1,0,0,0,1,0,0,0,1,2,4,3,3,3,2,3,4,1,3,1,1,6,6,6,7,4,2,1,-99,3,8,2,"calm",0,0
"361",34,0,NA,NA,1,1,NA,25,1,0,0,0,0,0,0,0,0,90,0,0,1,0,0,0,0,1,0,0,0,0,0,0,0,0,1,0,0,0,1,0,0,0,0,1,0,0,0,0,3,2,3,3,2,2,3,3,6,3,3,3,3,4,4,4,8,1,2,1,2,1,8,3,"calm",0,0
"362",109,0,NA,NA,1,1,NA,25,1,0,0,0,0,0,0,0,0,90,0,0,1,0,0,0,0,1,0,0,0,0,0,0,0,0,1,0,0,0,1,0,0,0,0,1,0,0,0,0,3,2,3,3,2,2,3,3,6,3,3,3,3,4,4,4,8,1,2,1,2,1,8,3,"calm",0,0
"363",320,1,NA,NA,1,1,NA,25,0,0,0,0,1,0,0,0,0,90,0,0,1,0,0,0,0,1,0,0,0,0,0,0,1,0,0,0,0,0,0,0,1,0,-99,-99,-99,-99,-99,-99,2,1,3,2,3,3,3,3,6,2,2,2,1,4,2,4,9,2,1,2,3,1,7,1,"calm",0,0
"364",252,0,NA,NA,1,NA,1,54,0,0,0,0,0,0,0,0,1,92,0,0,1,0,0,0,0,1,0,0,0,0,0,0,1,0,0,0,0,0,0,0,1,0,0,1,0,0,0,0,2,2,4,3,3,3,4,3,6,3,2,2,2,3,6,7,7,6,4,1,1,1,7,1,"calm",0,0
"365",17,0,NA,NA,1,1,NA,31,0,0,0,0,0,0,0,1,0,NA,0,0,0,0,1,0,0,1,0,0,0,0,0,1,0,0,0,0,0,0,0,0,1,0,0,1,0,0,0,0,2,3,4,3,3,2,3,3,4,3,4,3,1,5,4,4,1,1,1,4,4,4,6,2,"calm",0,0
"366",39,0,NA,NA,1,1,NA,48,0,1,0,0,0,1,0,0,0,NA,0,1,1,0,0,0,0,1,0,0,0,0,0,0,1,0,0,0,0,0,0,0,1,0,0,1,1,0,0,0,3,2,3,3,3,3,3,3,4,3,2,2,1,4,3,2,7,2,4,1,2,4,8,3,"calm",0,0
"367",118,0,NA,NA,1,1,NA,24,-99,-99,0,-99,NA,-99,-99,-99,-99,NA,0,0,1,0,1,0,0,1,0,0,0,0,0,0,1,0,0,0,0,0,1,0,1,0,0,1,1,0,0,0,2,4,4,2,2,2,3,3,6,3,2,2,1,4,2,7,9,2,3,2,1,4,7,3,"calm",0,0
"368",132,0,NA,NA,1,1,NA,67,0,0,0,0,0,0,0,1,0,NA,0,1,0,0,0,0,0,1,0,0,0,0,0,0,1,0,0,0,0,0,1,0,0,0,0,1,0,0,0,0,2,2,4,3,1,3,4,3,4,1,2,1,2,6,3,4,9,3,3,2,2,3,7,4,"calm",0,0
"369",161,0,NA,NA,1,NA,1,23,0,1,0,0,0,0,0,0,0,NA,0,0,1,0,1,0,0,1,1,0,0,0,0,0,1,0,1,0,0,0,1,0,1,0,0,1,0,0,0,0,2,2,4,3,2,2,3,3,4,3,3,2,2,6,6,6,9,1,1,1,1,1,7,2,"calm",0,0
"370",162,0,NA,NA,1,NA,1,23,0,1,0,0,0,0,0,0,0,NA,0,0,1,0,1,0,0,1,1,0,0,0,0,0,1,0,1,0,0,0,1,0,1,0,0,1,0,0,0,0,2,2,4,3,2,2,3,3,4,3,3,2,2,6,6,6,9,1,1,1,1,1,7,2,"calm",0,0
"371",216,0,NA,NA,1,1,NA,24,0,0,0,0,0,0,1,0,0,NA,0,0,1,0,0,0,0,0,1,0,0,0,0,0,1,0,0,0,0,0,1,0,1,0,0,0,1,0,0,0,3,3,3,1,3,3,3,3,6,3,3,1,1,2,3,3,9,1,2,2,2,4,8,3,"calm",0,0
"372",249,0,NA,NA,1,NA,1,25,0,1,0,0,0,0,0,0,0,NA,0,0,1,0,0,0,0,1,0,0,0,0,1,0,0,0,0,0,0,0,1,0,0,0,0,1,0,0,0,0,3,3,2,3,3,3,3,3,3,3,3,3,2,7,1,3,7,1,3,1,1,2,7,2,"calm",0,0
"373",299,0,NA,NA,1,1,NA,NA,0,0,0,0,0,0,0,1,0,NA,0,0,0,0,1,0,0,1,0,0,0,0,0,1,0,0,0,0,0,0,0,0,1,0,0,1,0,0,0,0,2,3,4,3,3,2,3,3,4,3,4,3,1,5,4,4,1,1,1,4,4,4,6,2,"calm",0,0
"374",330,0,NA,NA,1,1,NA,23,0,0,0,0,0,0,0,1,0,NA,0,1,0,0,0,0,0,1,0,0,0,0,0,0,1,0,0,0,0,0,1,0,0,0,0,1,0,0,0,0,2,2,4,3,1,3,4,3,4,1,2,1,2,6,3,4,9,3,3,2,2,3,7,4,"calm",0,0
"375",354,0,NA,NA,1,NA,1,25,0,1,0,0,0,0,0,0,0,NA,0,0,1,0,0,0,0,1,0,0,0,0,1,0,0,0,0,0,0,0,1,0,0,0,0,1,0,0,0,0,3,3,2,3,3,3,3,3,3,3,3,3,2,7,1,3,7,1,3,1,1,2,7,2,"calm",0,0
"376",424,0,NA,NA,1,1,NA,23,0,0,0,0,0,1,0,0,0,NA,0,0,1,0,1,0,0,1,1,0,0,0,0,0,1,0,1,0,0,0,0,0,1,0,0,1,0,0,0,0,3,3,4,3,2,2,3,3,6,3,4,2,1,3,3,3,9,2,3,5,2,4,8,3,"calm",0,0
"377",227,0,NA,NA,1,NA,2,51,0,1,0,0,0,0,0,0,0,0,0,0,1,0,0,0,0,0,1,0,0,0,0,0,1,0,1,0,0,0,0,0,1,0,0,0,1,0,0,0,4,3,2,2,3,3,3,3,3,3,5,1,1,6,5,5,7,4,4,2,2,1,3,1,"calm",1,0
"378",336,1,NA,NA,1,NA,2,25,0,1,0,0,1,0,0,0,0,9,0,1,1,0,0,0,0,1,1,0,1,0,0,0,1,0,1,0,0,0,1,0,1,0,0,1,0,0,0,0,2,3,4,3,3,3,3,3,3,3,4,2,2,6,1,3,4,6,3,2,2,1,6,2,"calm",1,0
"379",333,0,NA,NA,1,2,NA,23,0,0,0,1,1,0,0,0,0,10,0,1,1,0,1,0,0,1,0,0,0,0,0,1,1,0,1,0,0,0,1,0,1,0,0,1,0,0,0,0,2,3,3,1,3,4,3,3,4,2,3,3,1,3,2,4,9,1,4,2,2,4,8,2,"calm",1,0
"380",407,0,NA,NA,1,NA,2,23,0,1,0,0,1,1,0,0,0,15,0,0,1,0,1,0,0,1,1,0,0,0,0,0,1,0,1,0,0,1,1,0,1,0,0,1,0,0,0,0,2,2,4,1,2,3,3,3,4,3,3,2,1,3,4,3,7,4,3,1,1,2,7,3,"calm",1,0
"381",418,0,NA,NA,1,NA,2,23,0,1,0,0,1,1,0,0,0,15,0,0,1,0,1,0,0,1,1,0,0,0,0,0,1,0,1,0,0,1,1,0,1,0,0,1,0,0,0,0,2,2,4,1,2,3,3,3,4,3,3,2,1,3,4,3,7,4,3,1,1,2,7,3,"calm",1,0
"382",82,0,NA,NA,1,2,NA,30,0,0,0,0,1,0,0,0,0,19,0,0,1,0,1,0,0,1,0,0,0,0,0,1,1,0,1,0,0,0,0,0,1,0,0,1,0,0,0,0,3,2,3,3,2,3,3,3,4,3,3,2,2,2,5,2,9,1,2,1,1,1,8,2,"calm",1,0
"383",164,1,NA,NA,1,2,NA,51,0,1,0,0,1,0,1,0,0,19,0,1,1,0,0,0,0,1,0,0,0,0,0,0,1,0,1,0,0,0,1,0,1,0,0,1,0,0,0,0,2,2,3,2,3,3,3,3,3,3,2,2,2,6,7,7,9,2,4,1,2,1,7,1,"calm",1,0
"384",349,0,NA,NA,1,NA,2,24,0,0,0,0,1,0,0,0,0,20,0,1,0,0,0,0,0,0,1,0,0,0,0,0,0,0,1,0,0,0,0,0,1,0,0,0,1,0,0,0,2,2,2,3,3,2,3,3,6,3,2,2,1,3,3,6,9,1,2,1,1,1,8,2,"calm",1,0
"385",62,0,NA,NA,1,2,NA,26,0,0,0,0,1,0,0,0,0,29,1,0,0,0,0,0,0,1,0,0,0,0,0,0,1,0,0,0,0,0,0,0,1,0,0,1,1,0,0,0,2,2,3,3,3,3,2,2,3,1,4,2,2,6,6,6,4,4,3,2,2,2,7,2,"calm",1,0
"386",198,0,NA,NA,1,2,NA,25,0,1,0,0,0,0,0,0,0,29,0,0,1,0,0,0,0,1,0,0,0,0,0,0,1,0,0,0,0,0,1,0,0,0,0,1,0,0,0,0,3,2,3,1,3,2,3,3,3,3,3,2,1,7,7,7,9,1,2,1,3,1,8,2,"calm",1,0
"387",296,0,NA,NA,1,2,NA,25,0,1,0,0,0,0,0,0,0,29,0,0,1,0,0,0,0,1,0,0,0,0,0,0,1,0,0,0,0,0,1,0,0,0,0,1,0,0,0,0,3,2,3,1,3,2,3,3,3,3,3,2,1,7,7,7,9,1,2,1,3,1,8,2,"calm",1,0
"388",329,0,NA,NA,1,NA,2,21,0,1,1,0,0,0,0,0,0,29,0,0,1,0,0,0,0,1,0,0,0,0,0,0,0,0,1,0,0,0,0,0,1,0,0,1,0,0,0,0,1,2,2,3,3,2,3,3,3,3,4,1,2,4,6,6,9,4,1,3,2,4,7,2,"calm",1,0
"389",412,0,NA,NA,1,NA,2,21,0,1,1,0,0,0,0,0,0,29,0,0,1,0,0,0,0,1,0,0,0,0,0,0,0,0,1,0,0,0,0,0,1,0,0,1,0,0,0,0,1,2,2,3,3,2,3,3,3,3,4,1,2,4,6,6,9,4,1,3,2,4,7,2,"calm",1,0
"390",173,0,NA,NA,1,2,NA,26,1,0,1,1,1,1,0,0,0,30,0,1,0,0,0,0,0,1,0,0,0,0,0,0,1,0,0,0,0,0,1,0,0,0,0,1,0,0,0,0,1,2,3,3,3,3,4,3,6,3,1,2,2,6,7,7,8,1,1,1,2,2,6,1,"calm",1,0
"391",182,0,NA,NA,1,2,NA,22,0,1,1,1,0,0,0,0,0,30,0,0,1,0,0,0,0,0,1,0,1,0,0,0,1,0,1,0,0,1,1,0,1,0,0,1,0,0,0,0,3,2,3,3,3,2,3,3,6,2,3,2,1,4,1,3,7,2,2,3,3,4,5,3,"calm",1,0
"392",269,0,NA,NA,1,2,NA,31,0,1,0,0,1,1,0,0,0,30,0,1,1,0,0,0,0,0,0,0,1,0,0,1,1,0,1,0,0,0,1,0,1,1,0,1,0,0,0,1,2,2,4,1,3,-99,2,3,3,2,3,1,2,6,7,7,5,2,2,1,4,3,8,2,"calm",1,0
"393",289,0,NA,NA,1,2,NA,26,1,0,1,1,1,1,0,0,0,30,0,1,0,0,0,0,0,1,0,0,0,0,0,0,1,0,0,0,0,0,1,0,0,0,0,1,0,0,0,0,1,2,3,3,3,3,4,3,6,3,1,2,2,6,7,7,8,1,1,1,2,2,6,1,"calm",1,0
"394",295,0,NA,NA,1,2,NA,22,0,1,1,1,0,0,0,0,0,30,0,0,1,0,0,0,0,0,1,0,1,0,0,0,1,0,1,0,0,1,1,0,1,0,0,1,0,0,0,0,3,2,3,3,3,2,3,3,6,2,3,2,1,4,1,3,7,2,2,3,3,4,5,3,"calm",1,0
"395",179,0,NA,NA,1,NA,2,37,1,1,0,0,0,0,0,0,0,35,1,0,0,0,0,0,1,0,0,0,0,0,0,0,1,0,0,0,0,0,0,1,0,0,0,0,1,0,0,0,2,2,3,3,5,4,2,2,3,3,2,3,2,5,4,5,6,3,3,2,3,4,7,2,"calm",1,0
"396",277,0,NA,NA,1,NA,2,23,1,1,0,0,0,0,0,0,0,35,1,0,0,0,0,0,1,0,0,0,0,0,0,0,1,0,0,0,0,0,0,1,0,0,0,0,1,0,0,0,2,2,3,3,5,4,2,2,3,3,2,3,2,5,4,5,6,3,3,2,3,4,7,2,"calm",1,0
"397",318,0,NA,NA,1,NA,2,24,0,0,0,0,0,0,0,1,0,35,0,0,1,0,0,0,0,1,0,1,0,0,0,0,1,0,1,0,0,0,0,0,1,0,0,1,0,0,0,0,1,3,3,3,3,3,3,3,6,3,4,1,1,6,7,7,7,4,2,2,2,4,7,3,"calm",1,0
"398",68,1,NA,NA,1,2,NA,34,0,0,0,0,1,0,0,0,0,38,0,0,1,0,0,0,0,0,1,0,0,0,0,0,1,0,0,0,0,0,0,0,1,0,-99,-99,-99,-99,-99,-99,2,2,3,3,4,3,4,3,3,3,2,3,1,4,4,4,5,2,4,1,3,1,8,1,"calm",1,0
"399",45,0,NA,NA,1,2,NA,26,0,1,0,0,0,0,1,0,0,39,0,0,1,0,0,0,0,0,0,0,0,1,0,0,1,0,0,0,0,0,0,0,1,0,0,1,0,0,0,0,1,4,3,1,3,2,3,3,6,3,2,4,1,4,3,3,9,1,3,3,2,4,8,3,"calm",1,0
"400",340,0,NA,NA,1,NA,2,29,0,0,0,0,1,0,0,0,0,39,0,1,1,0,0,0,0,1,0,0,0,0,0,0,1,0,1,0,0,0,1,0,1,0,0,1,0,0,0,0,3,2,4,3,3,3,3,3,6,3,3,2,1,1,4,3,8,1,2,2,3,1,8,2,"calm",1,0
"401",139,1,NA,NA,1,NA,2,22,0,1,0,0,1,0,0,0,0,40,0,1,1,0,0,0,0,1,1,0,0,0,0,0,1,0,1,0,0,1,1,0,1,0,0,1,1,0,0,0,3,3,4,3,4,3,3,3,2,3,3,3,2,6,7,1,9,3,4,1,1,1,7,2,"calm",1,0
"402",148,1,NA,NA,1,NA,2,23,0,1,0,0,0,0,0,0,0,40,0,0,1,0,0,0,0,0,1,0,0,0,0,0,1,0,0,0,0,0,1,0,0,0,0,0,1,0,0,0,-99,-99,3,1,3,2,1,3,2,1,2,3,2,2,-99,-99,2,1,2,-99,2,2,2,2,"calm",1,0
"403",335,1,NA,NA,1,2,NA,38,1,0,0,0,0,0,0,0,0,40,0,0,1,0,0,0,0,1,0,0,0,0,0,1,1,0,0,0,0,1,1,0,0,0,0,0,1,0,1,0,2,3,4,1,3,2,3,3,6,3,1,2,2,7,7,7,4,5,4,1,3,1,3,1,"calm",1,0
"404",229,1,NA,NA,1,NA,2,24,0,1,0,0,0,0,0,0,0,45,0,0,1,0,0,0,0,0,1,0,0,0,0,0,1,0,0,0,0,0,1,0,0,0,0,0,1,0,0,0,2,3,4,3,3,3,4,3,3,3,1,3,1,5,5,3,5,2,4,1,2,2,8,2,"calm",1,0
"405",144,0,NA,NA,1,NA,2,25,1,0,0,0,0,0,0,0,0,46,0,0,1,0,0,0,0,1,1,0,0,0,0,0,1,0,0,0,0,0,1,0,0,0,0,1,0,0,0,0,2,2,2,1,3,3,3,3,6,3,3,1,1,3,2,3,7,4,3,2,1,3,7,2,"calm",1,0
"406",108,0,NA,NA,1,2,NA,23,1,0,0,1,0,0,0,0,1,50,0,0,1,0,1,0,0,1,1,0,0,0,0,1,1,0,0,0,0,1,1,0,1,0,0,1,0,0,0,0,2,1,4,1,3,2,4,3,6,3,2,2,2,6,7,7,9,2,4,2,2,2,8,2,"calm",1,0
"407",290,0,NA,NA,1,2,NA,23,1,0,1,1,0,0,0,0,1,50,0,0,1,0,1,0,0,1,1,0,0,0,0,1,1,0,0,0,0,1,1,0,1,0,0,1,0,0,0,0,2,1,4,1,3,2,4,3,6,3,2,2,2,6,7,7,9,2,4,2,2,2,8,2,"calm",1,0
"408",113,0,NA,NA,1,NA,2,79,1,0,0,0,0,0,0,0,0,58,0,0,1,0,0,0,0,0,1,0,0,0,0,0,0,0,1,0,0,0,0,0,1,0,0,0,1,0,0,0,2,3,1,3,2,3,2,3,3,3,3,3,1,5,4,1,7,4,3,3,1,4,5,2,"calm",1,0
"409",200,0,NA,NA,1,NA,2,23,0,0,0,0,1,0,0,0,0,59,0,0,1,0,0,0,0,1,0,0,0,0,0,0,1,0,0,0,0,0,1,0,0,0,0,1,0,0,0,0,-99,-99,-99,-99,-99,-99,-99,-99,-99,-99,-99,-99,-99,-99,-99,-99,-99,-99,-99,-99,-99,-99,-99,-99,"calm",1,0
"410",256,0,NA,NA,1,NA,2,49,0,1,0,0,0,0,0,0,0,60,0,1,1,0,1,0,0,1,1,0,0,0,0,1,1,0,0,0,0,0,0,0,1,0,0,1,1,0,0,0,1,1,4,3,3,3,3,3,3,3,3,2,2,6,7,6,9,6,1,1,1,2,7,2,"calm",1,0
"411",51,0,NA,NA,1,NA,2,23,0,0,0,0,1,0,0,0,0,61,0,0,1,0,1,0,0,1,0,0,0,0,0,0,1,0,0,0,0,0,1,0,1,0,0,1,0,0,0,0,2,2,3,3,3,3,3,3,4,3,3,2,1,6,4,2,7,3,1,1,1,2,7,2,"calm",1,0
"412",89,0,NA,NA,1,2,NA,40,0,1,0,0,0,0,0,0,0,61,0,0,1,0,0,0,0,1,0,0,0,0,0,0,1,0,0,0,0,0,1,0,0,0,0,1,0,0,0,0,1,3,4,3,3,3,4,2,3,1,2,3,2,6,1,4,9,4,1,2,2,4,5,2,"calm",1,0
"413",326,0,NA,NA,1,2,NA,52,0,1,0,0,0,0,0,0,0,61,0,0,1,0,0,0,0,1,0,0,0,0,0,0,1,0,0,0,0,0,1,0,1,0,0,1,0,0,0,0,2,3,3,3,3,2,3,3,3,3,3,3,2,6,6,6,9,4,1,1,2,2,7,2,"calm",1,0
"414",143,0,NA,NA,1,NA,2,22,0,0,0,1,0,0,0,0,0,63,0,0,1,0,0,0,0,1,0,0,0,0,0,0,1,0,1,0,0,0,0,0,1,0,0,1,0,0,0,0,3,4,1,1,2,4,2,4,3,3,4,1,1,2,4,2,1,3,3,3,3,4,8,3,"calm",1,0
"415",272,0,NA,NA,1,2,NA,42,0,1,0,0,0,0,0,0,0,64,0,0,1,0,0,0,0,1,0,0,0,0,0,0,1,0,0,0,0,0,0,0,1,0,0,1,1,0,0,0,2,2,4,3,3,1,3,4,6,3,3,2,2,3,4,2,5,2,2,2,3,4,5,2,"calm",1,0
"416",423,0,NA,NA,1,NA,2,25,1,0,0,0,0,0,0,0,0,65,0,0,1,0,0,0,0,1,0,0,0,0,0,0,1,0,1,0,0,0,0,0,1,0,0,1,0,0,0,0,3,4,2,3,2,3,2,4,3,3,4,1,1,2,5,3,1,1,2,1,1,1,8,3,"calm",1,0
"417",202,1,NA,NA,1,NA,2,28,1,0,0,0,0,0,0,0,0,70,0,1,0,0,0,0,0,0,0,0,1,0,0,0,1,0,0,0,0,0,0,0,1,0,0,0,1,0,0,0,4,2,1,4,2,4,4,1,3,1,2,2,1,2,7,7,3,4,5,5,5,5,5,4,"calm",1,0
"418",215,1,NA,NA,1,NA,2,28,1,0,0,0,0,0,0,0,0,70,0,1,0,0,0,0,0,0,0,0,1,0,0,0,1,0,0,0,0,0,0,0,1,0,0,0,1,0,0,0,4,2,1,4,2,4,4,1,3,1,2,2,1,2,7,7,3,4,5,5,5,5,5,4,"calm",1,0
"419",265,0,NA,NA,1,2,NA,56,0,1,0,0,0,0,0,0,0,10,0,0,1,0,0,0,0,1,1,0,0,0,0,1,1,0,0,0,0,1,1,0,0,0,0,1,1,0,0,0,2,3,3,3,3,3,3,3,3,3,3,3,2,3,3,3,5,4,3,1,1,-99,7,1,"calm",1,0
"420",396,0,NA,NA,1,2,NA,36,1,0,0,0,0,0,0,0,0,10,0,0,1,0,0,0,0,1,0,0,0,0,0,0,1,0,0,0,0,0,0,0,1,0,0,1,0,0,0,0,2,2,4,1,3,2,3,2,3,3,4,2,1,3,5,2,6,4,3,1,1,2,6,1,"calm",1,0
"421",14,0,NA,NA,1,2,NA,51,0,0,0,0,0,1,0,0,0,10,0,0,1,0,1,0,0,0,1,0,1,0,0,1,0,0,1,0,0,0,1,0,1,0,0,1,0,0,0,0,3,2,3,3,3,3,3,3,4,3,3,2,1,4,3,4,7,3,2,1,2,4,6,2,"calm",1,0
"422",199,0,NA,NA,1,2,NA,23,1,0,0,0,0,0,0,0,0,11,0,0,1,0,0,0,0,0,0,0,0,1,0,0,1,0,0,0,0,0,0,0,1,0,0,1,0,0,0,0,3,3,2,3,3,3,3,3,3,4,2,3,1,4,2,3,7,3,2,2,1,3,7,4,"calm",1,0
"423",305,0,NA,NA,1,2,NA,23,1,0,0,0,0,0,0,0,0,19,0,0,1,0,0,0,0,0,0,0,0,1,0,0,1,0,0,0,0,0,0,0,1,0,0,1,0,0,0,0,3,3,2,3,3,3,3,3,3,4,2,3,1,4,2,3,7,3,2,2,1,3,7,4,"calm",1,0
"424",314,1,NA,NA,1,2,NA,25,0,1,0,0,1,0,0,0,0,19,0,0,1,0,0,0,0,1,0,0,0,0,0,0,1,0,0,0,0,0,0,0,1,0,0,1,0,0,0,0,2,2,3,3,3,3,3,3,4,3,3,2,2,6,6,6,9,6,4,2,2,2,7,2,"calm",1,0
"425",287,0,NA,NA,1,2,NA,23,0,1,0,0,0,0,0,0,0,19,0,0,1,0,0,0,0,1,0,0,0,0,0,0,0,0,0,1,0,0,0,0,1,0,0,1,0,0,0,0,3,3,4,1,3,2,3,3,3,3,3,3,2,3,1,5,5,5,2,2,4,4,7,2,"calm",1,0
"426",251,0,NA,NA,1,NA,2,22,0,0,0,0,1,0,0,0,0,19,0,1,1,0,0,0,0,0,1,0,1,0,0,1,0,0,0,0,0,1,0,0,1,0,0,1,1,0,0,0,5,2,2,3,3,3,3,3,3,3,4,1,1,7,7,7,8,3,2,2,2,5,7,2,"calm",1,0
"427",275,0,NA,NA,1,NA,2,48,0,0,0,0,1,0,0,0,0,20,0,0,1,0,1,0,0,1,0,0,0,0,0,0,1,0,0,0,0,0,1,0,1,0,0,1,0,0,0,0,2,2,3,3,3,3,3,3,4,1,2,2,1,6,6,6,7,2,2,2,1,3,6,2,"calm",1,0
"428",285,0,NA,NA,1,NA,2,48,0,0,0,0,1,0,0,0,0,20,0,0,1,0,1,0,0,1,0,0,0,0,0,0,1,0,0,0,0,0,1,0,1,0,0,1,0,0,0,0,2,2,3,3,3,3,3,3,4,1,2,2,1,6,6,6,7,2,2,2,1,3,6,2,"calm",1,0
"429",88,0,NA,NA,1,2,NA,41,0,1,0,0,0,0,0,0,0,20,0,0,1,0,0,0,0,1,0,0,0,0,0,0,1,0,0,0,0,0,1,0,1,0,0,1,1,0,0,0,3,2,3,3,3,3,3,3,3,3,3,1,1,5,2,5,7,2,2,1,1,3,8,2,"calm",1,0
"430",97,0,NA,NA,1,NA,2,24,0,1,0,0,0,0,0,0,0,25,1,0,1,0,0,0,0,1,1,0,0,0,0,0,1,0,0,0,0,1,1,0,0,0,0,1,1,0,0,0,3,3,3,3,3,3,3,3,3,3,3,3,2,3,3,3,5,2,2,1,1,1,5,1,"calm",1,0
"431",166,0,NA,NA,1,NA,2,24,0,0,0,0,1,0,0,0,0,29,0,0,0,0,1,0,0,1,0,0,0,0,0,0,1,0,0,0,0,0,0,0,1,0,0,1,0,0,0,0,2,2,4,3,3,3,3,3,4,3,1,2,1,2,3,3,9,1,2,2,1,3,7,2,"calm",1,0
"432",284,1,NA,NA,1,NA,2,54,0,0,1,1,1,0,0,0,1,29,0,0,1,0,1,0,0,1,1,0,1,0,0,1,1,0,1,0,0,1,1,0,1,0,0,1,1,0,1,0,2,2,4,3,3,2,4,3,4,3,2,2,2,2,7,2,8,3,3,1,1,1,8,2,"calm",1,0
"433",293,0,NA,NA,1,NA,2,23,0,0,0,0,1,0,0,0,0,29,0,0,1,0,1,0,0,1,0,0,0,0,0,0,1,0,0,0,0,0,1,0,1,0,0,1,0,0,0,0,2,2,3,3,3,3,3,3,4,3,3,2,1,6,4,2,7,3,1,1,1,2,7,2,"calm",1,0
"434",338,0,NA,NA,1,2,NA,25,0,0,0,0,0,0,0,0,0,30,0,0,1,0,0,0,0,1,0,0,0,0,0,0,1,0,0,0,0,0,0,0,1,0,0,1,0,0,0,0,2,2,3,2,2,2,3,3,6,3,2,2,1,6,4,3,7,1,2,1,1,2,8,2,"calm",1,0
"435",399,0,NA,NA,1,2,NA,32,0,0,0,0,1,0,0,0,0,82,0,1,1,0,1,0,0,1,0,0,0,0,0,0,1,0,1,0,0,0,1,0,1,0,0,1,1,0,0,0,3,3,4,3,3,3,3,2,3,3,3,3,2,6,6,6,9,4,1,1,2,4,6,2,"calm",1,0
"436",430,1,NA,NA,1,NA,2,32,0,0,0,0,0,1,0,0,0,30,0,0,1,0,0,0,0,0,0,0,0,1,0,0,1,0,0,0,0,0,0,0,0,1,0,0,1,0,0,0,1,4,3,3,4,4,2,3,3,3,2,4,2,2,7,7,6,2,3,1,1,1,4,4,"calm",1,0
"437",280,1,NA,NA,1,2,NA,26,0,1,0,0,0,0,0,0,0,30,0,0,1,0,0,0,0,1,0,0,0,0,0,0,0,0,0,1,0,0,0,0,1,0,0,0,0,0,0,1,2,2,4,1,3,3,3,3,2,4,2,3,2,6,7,7,9,3,3,1,2,2,5,4,"calm",1,0
"438",147,1,NA,NA,1,2,NA,40,0,1,0,0,0,0,0,1,0,36,0,0,1,0,0,0,0,1,0,0,0,0,0,0,1,0,0,0,0,0,0,0,1,0,0,1,0,0,0,0,3,2,4,3,3,3,3,3,3,3,1,2,2,1,6,2,2,3,3,2,2,1,6,2,"calm",1,0
"439",408,1,NA,NA,1,2,NA,40,0,1,0,0,0,0,0,1,0,91,0,0,1,0,0,0,0,1,0,0,0,0,0,0,1,0,0,0,0,0,0,0,1,0,0,1,0,0,0,0,3,2,4,3,3,3,3,3,3,3,1,2,2,1,6,2,2,3,3,2,2,1,6,2,"calm",1,0
"440",411,1,NA,NA,1,NA,2,65,-99,-99,0,-99,NA,-99,-99,-99,-99,99,0,0,1,0,0,0,0,1,0,0,0,0,0,0,0,0,1,0,0,0,0,0,1,0,0,1,0,0,0,0,1,4,4,3,3,2,3,-99,-99,-99,-99,-99,1,-99,-99,3,-99,6,4,1,4,-99,7,2,"calm",1,0
"441",103,0,NA,NA,1,NA,2,30,1,0,0,0,0,0,0,0,0,100,0,0,1,0,0,0,0,0,1,0,0,0,0,0,1,0,0,0,0,0,1,0,0,0,0,1,0,0,0,0,1,3,3,3,3,3,3,3,4,3,3,2,1,3,7,7,9,2,3,2,2,2,7,2,"calm",1,0
"442",112,1,NA,NA,1,2,NA,34,1,0,1,1,0,0,0,0,0,100,0,1,1,0,0,0,0,1,0,0,0,0,0,1,1,0,0,0,0,0,1,0,1,0,0,1,1,0,0,0,2,3,4,1,3,3,3,3,4,3,2,3,2,4,4,2,5,2,3,2,2,2,8,2,"calm",1,0
"443",142,1,NA,NA,1,2,NA,34,1,0,0,1,0,0,0,0,0,100,0,1,1,0,0,0,0,1,0,0,0,0,0,1,1,0,0,0,0,0,1,0,1,0,0,1,1,0,0,0,2,3,4,1,3,3,3,3,4,3,2,3,2,4,4,2,5,2,3,2,2,2,8,2,"calm",1,0
"444",91,0,NA,NA,1,NA,2,22,0,1,0,0,0,0,0,0,1,NA,0,0,1,0,0,0,0,0,0,0,1,0,0,0,1,0,0,0,0,0,1,0,1,0,0,1,0,0,0,0,2,2,4,3,3,2,3,4,6,3,3,4,3,6,7,7,9,3,2,1,1,4,8,2,"calm",1,0
"445",111,0,NA,NA,1,NA,2,24,0,1,0,0,0,0,0,0,0,NA,0,0,1,0,0,0,0,1,0,0,0,0,-99,-99,-99,-99,-99,-99,0,0,1,0,0,0,0,1,0,0,0,0,3,2,2,2,2,2,3,3,4,3,3,2,2,6,2,4,9,3,4,2,4,3,7,2,"calm",1,0
"446",195,1,NA,NA,1,2,NA,24,-99,-99,0,-99,NA,-99,-99,-99,-99,NA,1,0,0,1,0,0,0,0,1,0,1,0,0,1,0,0,1,0,0,0,1,0,1,0,0,1,1,0,0,0,2,2,4,3,4,1,4,4,4,1,2,2,2,7,6,3,8,1,1,1,2,2,8,1,"calm",1,0
"447",246,1,NA,NA,1,2,NA,24,-99,-99,0,-99,NA,-99,-99,-99,-99,NA,1,0,0,1,0,0,0,0,1,0,1,0,0,1,0,0,1,0,0,0,1,0,1,0,0,1,1,0,0,0,2,2,4,3,4,1,4,4,4,1,2,2,2,7,6,3,8,1,1,1,2,2,8,1,"calm",1,0
"448",276,1,NA,NA,1,NA,2,28,0,1,0,0,0,0,1,0,0,NA,1,0,0,0,0,0,0,0,0,1,0,0,0,0,1,0,0,0,0,0,1,0,0,0,0,0,1,0,0,0,2,2,3,3,3,3,3,3,3,3,2,1,1,6,6,6,9,4,1,1,2,2,5,2,"calm",1,0
"449",343,0,NA,NA,1,2,NA,28,0,1,0,0,0,0,0,0,0,NA,0,0,1,0,0,0,0,1,0,0,0,0,0,0,1,0,0,0,0,0,0,0,1,0,0,1,0,0,0,0,1,3,3,3,3,2,3,2,4,3,6,2,2,7,7,7,7,1,3,1,1,1,8,2,"calm",1,0
"450",356,1,NA,NA,1,NA,2,28,0,1,0,0,0,0,1,0,0,NA,1,0,0,0,0,0,0,0,0,1,0,0,0,0,1,0,0,0,0,0,1,0,0,0,0,0,1,0,0,0,2,2,3,3,3,3,3,3,3,3,2,1,1,6,6,6,9,4,1,1,2,2,5,2,"calm",1,0
